appId;title;summary
exodusmovement.exodus;Exodus: Crypto Bitcoin Wallet;"Exchange Bitcoin &amp; 100+ More"
com.wallet.crypto.trustapp;Trust: Crypto & Bitcoin Wallet;Binance Official Crypto Wallet: Store Bitcoin, Ethereum, Litecoin, XRP, BNB
org.toshi;Coinbase Wallet ‚Äî Crypto Wallet & DApp Browser;"Crypto Wallet &amp; DApp Browser ‚Äî Secure storage of Bitcoin, Ether, ERC20 altcoins"
com.lumiwallet.android;Lumi Crypto Bitcoin Wallet;Crypto Wallet for Bitcoin, Ethereum, and 1000+ ERC-20 tokens!
com.defi.wallet;Crypto.com l DeFi Wallet;"Secure crypto defi wallet - stake &amp; earn CRO and store BTC, ETH, ERC20 tokens"
com.crypto.multiwallet;Guarda Crypto Wallet: Bitcoin, Ethereum, Ripple;"Store, Send, Buy &amp; Exchange Cryptocurrency: Bitcoin, Ethereum, Ripple, Tron"
com.coinomi.wallet;Coinomi Wallet :: Bitcoin Ethereum Altcoins Tokens;The blockchain wallet trusted by millions. Bitcoin Ethereum Altcoins Tokens NFTs
mw.org.freewallet.app;Freewallet: Bitcoin & Crypto Blockchain Wallet;"Crypto Blockchain Wallet ‚Äî exchange, track, sell and buy Bitcoin &amp; any altcoins"
com.trusteewallet;Trustee Wallet - best bitcoin and crypto wallet;Anonymous crypto wallet with exchange function
com.coinbase.android;Coinbase ‚Äì Buy & Sell Bitcoin. Crypto Wallet;Buy and sell crypto such as bitcoin, bitcoin cash, ethereum, litecoin and more.
com.binance.dev;Binance: Bitcoin Marketplace & Crypto Wallet;Crypto, Bitcoin, NFTs.  It's all here at the world's largest exchange, Binance.
io.atomicwallet;Bitcoin Wallet & Ethereum Ripple ZIL DOT;"Atomic - Cryptocurrency Wallet for Bitcoin, Ethereum, Tron, EOS, Ripple &amp; others"
piuk.blockchain.android;Blockchain.com Wallet - Buy Bitcoin, ETH, & Crypto;"Buy, send, swap &amp; exchange cryptocurrency like Bitcoin, Ethereum, &amp; Bitcoin Cash"
co.mona.android;Crypto.com - Buy Bitcoin Now;Best Crypto Wallet to Buy, Sell, and Pay with Crypto
com.bitpay.wallet;BitPay - Buy Crypto;Buy Crypto, Spend Crypto, or Get the BitPay Card (Virtual Card Included)
de.schildbach.wallet;Bitcoin Wallet;Your own Bitcoins, in your own pocket!
com.bitcoin.mwallet;Bitcoin Wallet;"Join millions in using the Bitcoin.com Wallet to buy, store &amp; use Bitcoin"
com.breadwallet;BRD Bitcoin Wallet. Bitcoin Cash BCH, Bitcoin BTC;"Crypto / bitcoin wallet. Buy bitcoin, bitcoin cash, ethereum &amp; cryptocurrency."
com.zengo.wallet;ZenGo Crypto & Bitcoin Wallet: Buy, Earn & Trade;"The easiest crypto wallet ‚Äî buy bitcoin, earn and exchange BTC, ETH, &amp; more"
btc.org.freewallet.app;Bitcoin Wallet. Buy & Exchange BTC coinÔºçFreewallet;Store your BTC currency in the wallet with exchange and price chart for trading
com.enjin.mobile.wallet;Enjin: Bitcoin, Ethereum, NFT Crypto Wallet;"üõ°Ô∏è Secure &amp; Trustworthy üõ°Ô∏è Store, Buy &amp; Sell NFT, BTC, ETH, LTC, &amp; 100+ More"
com.thinkdevs.cryptomarket;Crypto Wallet 2020;Crypto Wallet is one way to rank the relative size of a cryptocurrency.
co.bitx.android.wallet;Luno: Buy Bitcoin, Ethereum and Cryptocurrency;"Buy &amp; sell cryptocurrency | Blockchain wallet | Bitcoin, Ethereum &amp; more crypto"
com.mycelium.wallet;Mycelium Bitcoin Wallet;Send and receive Bitcoins using the fastest and most secure Bitcoin Wallet
com.coinbase.wallite;Coinbase Wallet Lite;Ethereum Cryptocurrency Wallet with support for older Android devices
cash.klever.blockchain.wallet;Klever Wallet: Buy Bitcoin, Ethereum, Tron, Crypto;"The safest crypto wallet to store &amp; buy Bitcoin, Ethereum, TRX,  XRP, LTC &amp; BNB"
com.bitcoin.wallet.btc;Bitcoin Wallet Blockchain;Easy send and receive Bitcoin with Bitcoin Wallet
io.metamask;MetaMask - Buy, Send and Swap Crypto;"A secure wallet &amp; gateway to blockchain sites"
co.edgesecure.app;Edge - Bitcoin, Ethereum, Monero, Ripple Wallet;"Privacy &amp; security in an easy to use crypto wallet. Buy &amp; sell bitcoin!"
network.celsius.wallet;Celsius - Secure Crypto Wallet - BTC, ETH, USDT;Earn up to 15% APY on your crypto portfolio with Celsius‚Äô secure crypto wallet!
com.ledger.live;Ledger Live;The perfect companion to your Ledger devices.
im.token.app;imToken - Bitcoin & Ethereum Wallet;Secure Multi Crypto Wallet
com.coinspace.app;Coin Bitcoin Wallet;"Coin Wallet:  World‚Äôs most Popular &amp; Secure Crypto Wallet. 20M Users Trust it."
com.wirex;Wirex Card & Multicurrency Crypto Wallet;Buy, store, and exchange fiat or cryptocurrencies at OTC and interbank rates.
com.krypto;Krypto - Bitcoin, Crypto Trading Wallet & Exchange;Buy, sell, trade and pay with cryptocurrency to anyone, anywhere, anytime
com.paxful.wallet;Paxful Bitcoin Wallet;Send, receive and store bitcoin with your own secure bitcoin wallet.
com.crypterium;Crypterium | Bitcoin Wallet;Buy, exchange and transfer the most popular cryptocurrencies
com.plutus.wallet;Abra Bitcoin Wallet Buy Trade Earn Interest Borrow;Buy, sell, hold, trade, earn interest, borrow on crypto assets all-in-one app
im.status.ethereum;Status: Crypto Wallet, Messenger, Ethereum Browser;Cryptocurrency wallet, Private messenger, and Ethereum DApp Browser all in one
appinventor.ai_oldgoldmen.CryptoWallet;Multi Crypto Wallet: for Bitcoin and 20 currencies;Easily send, receive and even exchange 20 cryptocurrencies right in your wallet.
com.nexowallet;Nexo - Crypto Banking Account;Let your crypto work for you
io.safepal.wallet;SafePal - Crypto wallet BTC ETH LTC BNB Tron EOS;Manage 10,000+ tokens in the safest and easiest-to-use cryptocurrency wallet!
com.samourai.wallet;Samourai Wallet;A Bitcoin Wallet that takes your security and privacy seriously
com.buyucoinApp.buyucoin;BuyUcoin : Crypto Wallet to Buy/Sell Bitcoin India;"Buy/Sell Bitcoin in India at 0% Fees &amp; other Altcoins &amp; Defi Tokens on OTC."
com.trastra.mobile;TRASTRA: Crypto Wallet & VISA Card;"Spend Bitcoin &amp; more in your daily life! Cash Out BTC, ETH, LTC, XRP, BCH to EUR"
io.rapids.network.wallet;Rapids Wallet | Crypto blockchain multi wallet;Send Crypto to Anywhere in the world via URL link, Powered by Rapids Network.
com.unocoin.unocoinwallet;Unocoin;"Unocoin is India&#39;s Leading Cryptoassets &amp; Blockchain company."
io.bluewallet.bluewallet;BlueWallet Bitcoin Wallet;A Bitcoin and Lightning wallet focused on making Bitcoin fun and usable
com.b4uwallet.android;B4U Wallet: Crypto Bitcoin Wallet Exchange;"Secure, Manage &amp; Exchange your favourite Crypto &amp; Fiat Currencies"
com.BitcoinWalletExchange.org;Bitcoin Wallet Exchange - exchange BTC ETH & more;"Securely &amp; Quickly Buy, Sell, exchange Bitcoin Ethereum and more"
com.pumapay.pumawallet;PumaPay Blockchain Wallet 4 Bitcoin & Crypto Coins;"Crypto wallet to easily get, send, receive, manage bitcoin &amp; cryptocurrency"
com.ezdefi;ezDeFi - Crypto & Bitcoin Wallet;Versatile and secure integrate
kr.co.keypair.keywalletTouch;KeyWallet Touch - Bitcoin Ethereum Crypto Wallet;Bitcoin, Ethereum wallet, card-shaped NFC coldwallet. Keep your crypto safe.
com.bitcoin.wallet.cryptopuce;BITCOIN Wallet & ERC20 TOKEN wallet - CryptoPuce;Bitcoin wallet. Become your own Bank. Buy BTC with debit card. Withdraw to Bank
com.ankerpay.wallet;AnkerPay: Blockchain Crypto Wallet ‚Äì BTC, ETH, LTC;"Crypto wallet for Bitcoin, Ethereum, Litecoin &amp; other | Cryptocurrency Exchange"
com.coinhako;Coinhako: Buy Bitcoin, Crypto Wallet & Trading;Easy Access to Bitcoin, Trusted and Secure Crypto Wallet Services in Asia
com.bitrue.currency.exchange;Bitrue - Cryptocurrency Wallet & Exchange;"Bitrue is the most reliable cryptocurrency wallet &amp; exchange all over world."
com.magnum.wallet;Magnum Wallet ‚Äì Bitcoin, Ethereum, Crypto Exchange;Crypto wallet for Bitcoin, Ethereum, Ripple, Litecoin, Stellar, Dash, Tezos, etc
eth.org.freewallet.app;Ethereum Wallet. Buy & Exchange ETH ‚Äî Freewallet;Store your ETH currency in the app with an exchange and price chart for trading
io.eidoo.wallet.prodnet;Eidoo: Bitcoin and Ethereum Wallet and Exchange;"Manage bitcoin, ethereum &amp; ERC20 tokens with the most secure wallet"
com.spot.spot;Buy Bitcoin, cryptocurrency - Spot BTC wallet;Buy Bitcoin. BTC wallet: invest in cryptocurrency like Coinbase and Square Cash.
com.atomex.android;Atomex - Crypto Wallet & Atomic swap DEX;Cryptocurrency wallet + Atomic swap exchange for Bitcoin Ethereum Tezos Litecoin
co.busha.android;Busha: Buy & Sell Bitcoin, Ethereum. Crypto Wallet;"Buy, Sell, Swap &amp; Store Bitcoin, Ethereum, Litecoin &amp; more instantly or via P2P!"
com.dowallet;DoWallet: Bitcoin Wallet. A Secure Crypto Wallet.;Buy Bitcoin. Send Bitcoin, Bitcoin Cash, Ethereum, Litecoin.Best Bitcoin Wallet.
com.qcan.mobile.bitcoin.wallet;Mobile Bitcoin Wallet;Qcan Mobile Bitcoin Wallet - Bitcoin as easy as your number.
cobo.wallet;Cobo Wallet: Bitcoin, Ethereum, Dash, XRP, XLM;"Secure wallet to store bitcoin &amp; cryptocurrencies. Support instant exchange."
com.sixpencer.simplework;Dfox-Crypto Wallet and DeFi Portfolio;Crypto Wallet and DeFi Portfolio
com.bitnovo.app;Bitnovo - Crypto Wallet;With the Bitnovo App, make transactions with cryptocurrencies wherever you are.
com.raido_wallet;Multifunctional crypto wallet - Raido;Raido wallet for storage, purchase, exchange of digital assets e.g. Bitcoin
biz.vipay.cryptowallet;VIPay Crypto Wallet;VIPay Wallet is safe place to manage all your crypto without registration!
com.drcrypto.wallet;BitSmart: Bitcoin, Ethereum,‚ÄØBlockchain‚ÄØWallet;"Blockchain crypto wallet with best deals and offers for btc, bitcoin &amp; crypto"
com.exchangily.wallet;eXchangily DEX Bitcoin Wallet & Crypto Wallet;"Open source bitcoin wallet, cryptocurrency wallet &amp; decentralized exchange DEX"
com.dok.wallet;DokWallet: Crypto Wallet;"Stay in control of your crypto coins &amp; tokens with our blockchain wallet app"
com.midasprotocol.wallet.android;Midas Crypto Wallet: Bitcoin, Ethereum, XRP, EOS;A smart, secure, user-friendly, multi-coin wallet for all essential crypto needs
com.eofinance;EO.Finance: Buy and Sell Bitcoin. Crypto Wallet;"European Licensed Crypto &amp; Fiat wallet. Buy and Sell Bitcoin and 40+ currencies"
com.ctower.wallet;CrossTower Crypto Wallet. Buy & Sell Bitcoin;"Buy, send &amp; hold your Bitcoin, Ethereum in free multi cryptocurrency wallet."
com.zelcash.zelcore;Zelcore - Multi Asset Crypto Wallet;Zelcore is your browser to the blockchain. Platform for all crypto aspects.
com.atlas.mobile.wallet;Cent - The crypto wallet for DeFi;Crypto made simple. Earn interest and invest in the emerging world of DeFi
it.airgap.wallet;AirGap Wallet - Tezos, Cosmos, Ethereum, Bitcoin;"Your smartphone is your new ‚Äòhardware wallet‚Äô - Tezos, Cosmos, Ethereum &amp; more."
jb.tech.blockchainpro;Blockchain.com Wallet Pro-buy bitcoin Eth & crypto;Blockchain is the OG crypto wallet that has tens of millions of users worldwide.
com.myetherwallet.mewwallet;MEW wallet ‚Äì Ethereum wallet;Buy Ether, hold and swap Ether and all ERC-20 tokens, learn about blockchain
com.kesemwalletapp;Kesem - Secured Crypto Wallet for Bitcoin;"Mobile Hardware Wallet: Store &amp; Use Bitcoin, Ethereum and other cryptocurrencies"
com.incognito.wallet;Incognito - Anonymous Bitcoin Wallet;Hide your crypto balances and activities. Buy and hold BTC, ETH, BNB and more.
com.legendwd.hyperpayW;HyperPay: Crypto & BTC Wallet;"Easily Buy &amp; Sell bitcoin, eth"
xyz.must.wallet;MUST WALLET;Defi-Decentralized Finance Ethereum Crypto Wallet
com.bitpapa;Multicurrency crypto-wallet: Bitpapa;Bitpapa is P2P marketplace with crypto wallet: Bitcoin, Ethereum, USDT
bitmesh.volt.wallet;Volt:Bitcoin,ETH&BSV Crypto Wallet,Multisig Wallet;Volt Wallet is a keyless crypto asset wallet that grandma can use
com.cryptowallet.si;CryptoWallet - Open source digital currency wallet;Open source digital currency wallet for $ARCO, $LANA, $NEVA, $TAJ, $NETKO
eu.crystalwallet.app;Crystal Wallet;A BETTER WAY TO MANAGE YOUR ASSETS
com.liberty.jaxx;Jaxx Liberty: Blockchain Wallet;"Trade &amp; Manage 80+ Cryptocurrencies, Including Bitcoin &amp; ERC 20 Tokens."
net.cryptowalletwatcher.androidr;Crypto Wallet Watcher - Track addresses, balances;Add wallet public addresses, get notifications for balance n transaction changes
com.XcelTrip.XcelPay;XcelPay: Bitcoin, Crypto & Ethereum Wallet App;"Blockchain Wallet - send, receive, store, mobile top-up &amp; token swap feature"
com.vechain.wallet;VeChainThor Wallet;VeChainThor Official Mobile Wallet App
com.blockfolio.blockfolio;Blockfolio - Bitcoin and Cryptocurrency Tracker;The world's most popular Bitcoin and cryptocurrency portfolio management app
com.lumicollect.android;Lumi Collect - ERC721 Wallet&ETH dapp browser;"Ethereum &amp; ERC721 token wallet and dapp browser - a Metamask in your phone."
com.leadwallet.io;Lead Wallet (BETA) - Store & Swap Cryptocurrencies;Crypto, DeFi and NFT Access Wallet for Bitcoin, Litecoin, Ethereum, Tether, Tron
com.caramba.RippleWallet;XRP Wallet - Buy & Sell Crypto on Ripple Network;Secure XRP Account and Trade on Cryptocurrency Marketplace Exchange
com.vexanium.vexmobile;VexWallet  - Decentralized Blockchain Wallet;Blockchain Wallet Supporting VEX coin
com.livingroomofsatoshi.wallet;Wallet of Satoshi;The World's Simplest Bitcoin Lightning Wallet.
xrp.org.freewallet.app;Ripple Wallet. Buy & Exchange XRP coinÔºçFreewallet;Buy and Manage your XRP in secure Ripple coin storage with built-in exchange
usdt.org.freewallet.app;Tether Wallet. Store, send & receive USDT coin;Free and secure USDT wallet with a simple interface and integrated exchange
bcc.org.freewallet.app;Bitcoin Cash Wallet. Buy BCH coins - Freewallet;"Buy &amp; Exchange Bitcoin Cash in a BCH Wallet with top-grade security features"
com.bitcoinindia.Btciapp;Bitcoin India Wallet & Exchange;Join over 1,000,000 people with the world‚Äôs leading wallet services provider
com.bitorzo.wallet;Bitcoin Wallet;"Bitorzo - Multi-platform Simple &amp; Secure Bitcoin Wallet."
com.bankofhodlers.mobile;Vauld - Interest Earning Crypto Wallets;"Earn interest, swap &amp; borrow against BTC, ETH &amp; other major cryptocurrencies"
com.coinpay;Coinpay: Buy & Send Bitcoin Fast Cryptocurrency üòá;Coinpay: the fast Bitcoin wallet for purchasing and sending bitcoin payments üí∏
com.algorand.android;Algorand Wallet;Best way to send and request algos on the Algorand blockchain
com.roqqu.app;Roqqu: Buy & Sell Bitcoin and Cryptocurrency Fast;Roqqu: The easiest way to buy, sell and securely store cryptocurrencies
zapsolutions.zap;Zap: Bitcoin Lightning Wallet;Bitcoin for everyone. Send and receive instantly with minimal fees via Lightning
io.horizontalsystems.bankwallet;Unstoppable - Invest In Crypto;"Bitcoin &amp; Crypto Wallet"
co.bacoor.android.hbwallet;Ethereum Wallet | HB Wallet ‚Äì DeFi & Buy BTC, ETH;Enables users to buy ETH, BTC and use Dapps like DeFi within an Ethereum Wallet
com.vidulumwallet.app;Vidulum - Multi-Asset Cryptocurrency Wallet;Vidulum, is a multi-asset crypto wallet where you control your private keys.
com.tronlinkpro.wallet;TronLink Pro - The Best TRON Wallet;Crypto wallet for TRON blockchain
com.kubi.kucoin;KuCoin: Bitcoin Exchange & Crypto Wallet;Buy and sell bitcoin securely
it.airgap.vault;AirGap Vault - Tezos, Cosmos, Ethereum, Bitcoin;"Your smartphone is your new ‚Äòhardware wallet‚Äô - Tezos, Cosmos, Ethereum &amp; more."
zapsolutions.strike;Strike: Bitcoin & Lightning Payments;Strike is the quickest and easiest way to send money anywhere in the world.
com.erdtoken.android;ERD Token - Crypto Wallet, Earn Tokens & Pay Bills;"Earn &amp; Use ERD Tokens, Pay Utility Bills, Free Bounties, Crypto Transfer &amp; More."
ceyronmoney.ceyronwallet.ceyroncryptowallet.ceyrontoken.ceytoken.ceycoin;Ceyron Money Wallet for CEY Coin & Ethereum;Ceyron Money Wallet for CEY token and ETH
com.blockchain.bitcoin.wallet;Bitcoin Cold Wallet;Bitcoin Cold Wallet is the mobile Blockchain app, arguably also the most secure
com.guardowallet;Guarda Crypto Wallet:Bitcoin, Ethereum and more;Secure and convenient mobile crypto wallet.
com.citowise.wallet;Citowise - Blockchain multi-currency wallet;Very secure and user-friendly Multi-Currency Wallet
com.portto.blocto;Blocto - Dapp Browser and Crypto Wallet;Manage your assets, Defi, gaming dApps all within your Blocto wallet.
im.token.app99;AllToken : Bitcoin,Ethereum,Blockchain Wallet;Wallet to manage BTC,ETH,EOS,BCH,LTC, ERC-20 tokens and other digital assets
com.huobionchainwallet.gp;HuobiWallet;HuobiWallet is a professional multi-coin wallet.
com.bitpie;Bitpie Wallet - Bitcoin USDT ETH EOS BCH TRON LTC;The Bitpie wallet is a bitcoin /blockchain wallet for simplicity and security.
lt.spectrofinance.spectrocoin.android.wallet;Bitcoin Wallet by SpectroCoin;Buy, sell, store, exchange bitcoins and other cryptocurrencies on-the-go
com.dapppocket;Dapp Pocket: Crypto Wallet for Decentralized World;Dapp Pocket is a crypto wallet support 2000+ Dapp/DeFi on Ethereum and TRON.
hodl.group.xrpio;XRP.io - XRP Cryptocurrency Wallet;Install the Ripple XRP wallet to manage your XRP anywhere, anytime on Android
one.mixin.messenger;Mixin - Crypto Wallet & Private Messenger;Open source Bitcoin wallet and E2EE signal protocol messenger.
capital.spatium.wallet;Spatium Keyless Bitcoin Wallet;Easy and safe way to buy, change or send crypto
com.sparkpoint;SparkPoint - Cryptocurrency Wallet & DApps Browser;Sparkpoint Ecosystem is a multi-platform mobile cryptocurrency application.
com.quppy;Quppy Wallet - bitcoin, crypto and euro payments;Buy or sell bitcoin and litecoin, check exchange rate in one crypto wallet.
com.coinburp.mobile;CoinBurp - Buy and Sell Bitcoin. Crypto Wallet.;CoinBurp: The fast, low-fee and easy way to buy, sell and spend cryptocurrency.
io.ethos.universalwallet;Ethos Universal Wallet;"Securely store, track &amp; learn about Bitcoin, Ethereum and 100+ cryptocurrencies."
com.swftcoin.client.android;SWFT Blockchain;SWFT Blockchain is a One Stop Cross-Chain solution for cryptocurrency transfer.
com.coolbitx.cwsapp;CoolBitX Crypto;The only completely mobile cold wallet. Welcome to the future.
fr.acinq.phoenix.mainnet;Phoenix | The Bitcoin wallet from the future;Send and receive Bitcoin instantly and keep control of your coins.
io.getwombat.android;Wombat - EOS & Telos Wallet;Every DApp on the EOS and Telos blockchain within a few seconds.
com.quarkonium.qpocket;QPocket: ETH TRON QKC Crypto Wallet with DApps;QPocket connects users with 3000+ DApps and 100+ cryptocurrencies in one place.
com.luneswallet;Lunes Wallet  - Lunes, Bitcoin, Litecoin,  Buy BTC;Safe, Smart and Flexible. The first multiservice wallet in the world!
com.getchange.wallet.cordova;Change: Beginner-Friendly Trading & Investment App;"Safe commission-free trading &amp; investing are just one tap away. Start today!"
org.bitcoin.wallet;Bitcoin Wallet: by Bitcoin.org;An easy to use Bitcoin wallet.
com.bitpay.coincloud;Coin Cloud Wallet;Buy, sell and store your bitcoin and other crypto with the Coin Cloud Wallet.
io.eosnova.wallet.android;NOVA Wallet - Best Cryptocurrency Wallet;Experience the most convenient and fastest multichain supported wallet!
pt.ipleiria.estg.dei.yabw;Yet Another Bitcoin Wallet;Another app that let‚Äôs you create or import HD Wallets.
com.hedera.wallet;Hedera Wallet;Hedera cryptocurrency wallet
org.bitcoinox.bitcoinoxwallet;Bitcoin OX Wallet ‚Äî Exchange Wallet for Crypto;Crypto OX Wallet: BTC, BCH, LTC, ETH, NEO, GAS, TRX, BTT, ERC20, XRP, TRC10
com.bitcoininc.bitcoinpay;Bitcoin Pay;Bitcoin Pay is the easiest way to accept Bitcoin.
com.silverlab.app.cryptocurrencytracker.free;Crypto Wallet Tracker;Crypto Wallet Tracker - ETH wallet tracker, BTC wallet tracker
net.bither;Bither - Bitcoin Wallet;Bither - a simple and secure Bitcoin wallet!
com.oracle.wallet;Oracle - Crypto Wallet;Get the most user-friendly multichain wallet now!
in.troniverse;TRON (TRX) Universe;Diverse TRON Blockchain. One App. Feel equal. Feel Empowered.
com.coinorbis.wallet;Coinorbis Wallet - Multi Cryptocurrency Wallet;Coinorbis is a simple multi crypto wallet for most popular cryptocurrencies.
com.stratagile.qwallet;Q-Wallet - crypto earning&Defi;QGas, NEP5, ERC20 compatible wallet supporting, money earning with crypto
co.hodlwallet;HODL Wallet : Bitcoin Wallet;"A free, open source wallet for sending, receiving, &amp; storing bitcoin."
com.kipcoinProject.kipcoinwallet;Kipcoin - Crypto wallet for KIPC;"Send and receive Kipcoin to anyone in the world instantly.
A new Crypto Currency"
com.fox.one;FoxOne - BTC,ETH,EOS,Cosmos exchange & wallet;Blockchain wallet and trading app(Bitcoin,BTC,Crypto,MIXIN,Wallet,Exchange)
com.nafaaazaiez.cryptofolder;Crypto Wallet: Track your bitcoin & cryptocurrency;"Track your bitcoin, cryptocurrency, gain, loss &amp; finance in one app, anonymously"
jp.co.smartapp.gowallet;GO ! WALLET -  Ethereum Crypto Wallet & DApp;You can use crypto gamings and DApp, and you can earn crypto currency for free.
org.topnetwork.hiwallet;Bitcoin Wallet. A Secure Crypto Wallet - HiWallet;A safe Bitcoin Wallet to store your Bitcoin. Your Wallet is non-custodial!
com.ccwalletapp;CCWallet: Your Bitcoin Wallet. Blockchain App;"Store and transfer your bitcoin in a convenient &amp; secure blockchain wallet."
crypto.school.learn.cryptocurrency.bitcoin;Crypto School - Learn Bitcoin & Cryptocurrency;"Learn Bitcoin, Cryptocurrency &amp; Blockchain for Free with Crypto School"
com.neobitcoin.wallet;Neo Bitcoin Wallet;"*Neo Bitcoin Wallet Prepared &amp; Created To Boost Economic Globally*"
com.ptpwallet;PTPWallet - Bitcoin, Ethereum, and Other Crypto;"Send crypto funds, including Bitcoin (BTC), Ethereum (ETC) instantly &amp; privately"
tech.vontech.blockchain.jetoken;Beehives Wallet - Bitcoin Crypto Wallet;BeeHives is a pioneer blockchain and fintech solutions project.
com.valr.app;VALR - Bitcoin Exchange & Cryptocurrency Wallet;"Buy &amp; Sell Cryptocurrencies"
com.cwallet;Xapa Wallet - Bitcoin, Ethereum, DOGE, LTC, DASH;Cryptocurrency Mobile Wallet for Bitcoin, Ethereum, DOGE, LTC, DASH
com.cryptowallet.deviantx;DeviantX Wallet : Bitcoin Ethereum Altcoins Tokens;Multi Cryptocurrency Wallet with Altcoin / Token support!
com.medishares.android;MathWallet: Bitcoin,Ethereum,EOS,Polkadot,Cosmos;Manage your cryptocurrency in a secure, diversified, high-profit crypto wallet.
net.bitstamp.app;Bitstamp ‚Äì Buy & Sell Bitcoin at Crypto Exchange;Buy Bitcoin, Ethereum and more on the most reliable and secure crypto platform.
io.crypto.wallet.bitcoin.ethereum.medooza.wallet;Medooza wallet- Best Crypto wallet for android app;The Best cryptocurrency wallet for 2019. Buy, Sell and trade any cryptocurrency
info.mysecurewallet.wallet;Bitcoin wallet;Bitcoin Wallet
com.beecrypt.beecrypthd;MoneyPipe: HD Bitcoin Wallet;Your faithful guide to the world of cryptocurrency
com.counos;Counos Bitcoin Wallet;Counos is an App which enables you to sending and receiving major coins securely
com.remitano.remitano;Remitano - Buy & Sell Bitcoin Fast & Securely;"Bitcoin &amp; Cryptos Trading"
com.zixipay.wallet;ZixiPay - Tether Wallet, Bitcoin Wallet;Tether Wallet (TRC20/ERC20/OMNI), Bitcoin Wallet, Ether Wallet, Litecoin Wallet
com.rekeningku;Rekeningku.com - Jual Beli Bitcoin dan Crypto;Rekeningku.com - Buy and Sell Bitcoin and Cryptocurrency in Indonesia.
xmr.org.freewallet.app;Monero Wallet. Buy & Exchange XMR coins;Buy Monero in this easy-to-use wallet. Built-in exchange and XMR price stats.
com.blockchain.wallet.btc;Bitcoin Wallet - Blockchain Explorer;Bitcoin Wallet is the mobile Blockchain app
com.newcurrency.coinstrunk.v1;Coins Wallet for bitcoin and litecoin;First bitcoin, litecoin wallet with 0 (zero) blockchain transaction fee
com.lightning.walletapp;BLW: Bitcoin and Lightning Wallet;Bitcoin wallet with Lightning Network support
com.paytomat;Paytomat Wallet: Bitcoin, Ethereum, EOS, tokens;A simple and secure wallet to send and receive cryptocurrencies and tokens.
ok.crypto.wallet;OK Wallet-Bitcoin & Altcoin Crypto Wallet;OK Wallet Support Bitcoin and Altcoin like: litecoin,bcash,erc20 etc.
de.fuf.bitbucks;Bitcoin Wallet BitBucks;BitBucks Bitcoin Wallet for instant mobile payments with Bitcoin (BTC only)
btg.org.freewallet.app;Bitcoin Gold Wallet by Freewallet;Secure and free BTG storage with easy transactions and a built-in exchange
com.agile.walletapp;Crypto Wallet;Ethereum based cryptocurrency wallet
crypto.stars.wallet;Crypto Blockchain Wallet to Buy & Sell Bitcoin;Free Bitcoin Wallet to buy and sell Cryptocurrency: send and recieve Bitcoin
com.bitlox.mobilewallet;BITLOX Crypto Wallet;BITLOX is a highly secure mobile crypto wallet and hardware wallet interface
com.pint.app;PINT Wallet & P2P Marketplace for Bitcoin Ethereum;"PINT Wallet &amp; P2P Exchange ‚Äì BTC ETH BCH LTC DASH DOGE &amp; ZRX POWR GNT OMG Tokens"
com.visionwallet.app;VisionWallet ‚Äî Crypto & Bitcoin Wallet;Store, exchange and invest currencies on autopilot! Get passive income
com.airbitz;Bitcoin Wallet - Airbitz;Buy, Sell, Send, and Receive Bitcoin
com.Bitplicity.Bitplicityapp;Bitplicity Bitcoin Wallet - Buy & Sell Crypto;Buy and sell Bitcoin, Ethereum and more in just a few clicks.
com.airwalletofficial.air_wallet;AIRWALLET - Secure Cryptocurrency Multi-Wallet;Manage your digital assets in one cryptocurrency wallet with AIRWALLET!
pe.bluemountain419.jungledex;JungleDEX Wallet (Bitcoin,Ethereum,EOS,XRP);Cryptocurrency wallet support the mainnet and testnet of BTC, ETH, EOS, XRP.
best.bitcoin.wallet.btc.price.buy.cryptocurrency;Bitcoin Wallet;Bitcoin wallet for android
net.walletharcomia.android;Harcomia Crypto Wallet Multi Asset;Crypto Wallet Multi Asset Secure with Masternode Monitoring.
org.coinid.wallet.btc;Bitcoin Wallet for COINiD;A Wallet Done Right
com.bitcoinblockchain.suyd;Bitcoin Blockchain: Crypto Wallet;Bitcoin Blockchain: Crypto Wallet - Vault for your cryptocurrency
naturesoftgames.crypto.cryptomonitorwidget;Crypto Wallet Watcher;Keep an eye at your crypto paper wallets!
org.Cryptonatorxx.walletd;Cryptonator Wallet : bitcoin & ethereum, litecoin;Receive or send and quickly exchange your bitcoin, ethereum, litecoin
com.bitbar.androidwallet;BitBar [BTB] Crypto Wallet;BitBar [BTB] Crypto Wallet
com.funow.bitcoinwalletnotifier;Bitcoin Wallet Notifier;Keep track of transactions on wallets, stop playing blind, whales do not sleep!
com.bit.btcwallet;BitWay Bitcoin Crypto Wallet;Bitcoin crypto wallet is a secure and fast bitcoin wallet
com.androidwallet;dCipher Crypto Wallet;Cryptocurrency Wallet for Bitcoin, Ethereum, Bitcoin Cash and ERC20 tokens
com.factwallet.crypto.factwallet;Fact Wallet - Bitcoin and cryptocurrency Wallet;Fact Wallet app allow user to send, receive, and store cryptocurrencies,bitcoin.
com.bitcoin.wallet.btc.testnet;Bitcoin Testnet Wallet;You are looking for ways to test some new Bitcoin functionality on TestNet
com.cwi;Crypto Wallet Integrator;Total balance of all your crypto wallets in one place
com.breez.client;Breez: Lightning Network Client & Point-of-Sale;Lightning Fast Bitcoin Payments
io.muun.apollo;Muun - Bitcoin and Lightning Wallet;Self-custodial wallet for bitcoin and lightning.
com.paymintlabs.paymint;Paymint - Secure Bitcoin Wallet;Paymint is a secure and easy Bitcoin wallet that just makes sense.
com.coingecko.coingeckoapp;CoinGecko¬†- Bitcoin & Cryptocurrency Price;"Bitcoin, Ethereum, &amp; Cryptocurrency Price Tracker"
com.crypter.cryptocyrrency;Crypto App - Widgets, Alerts, News, Bitcoin Prices;"Track crypto prices ‚Ä¢ Crypto wallet ‚Äì Buy, Sell, Exchange ‚Ä¢ Set widgets &amp; alerts"
com.supercrypto.cryptocyrrency;Bitcoin price - Cryptocurrency widget;Cryptocurrency widget that can be used as a tracker of crypto currency rates
com.coinstats.crypto.portfolio;Crypto Tracker & Bitcoin Price - Coin Stats;"Cryptocurrency Portfolio - Track Bitcoin &amp; Crypto Market Prices. News. Widget."
com.okinc.okex.gp;OKEx - Bitcoin/Crypto Trading Platform;"Trade Bitcoin&amp;Cryptocurrencies. Support wallet, perpetual and options trading."
com.zeykit.dev.cryptomarketcap;Crypto Market Cap - Crypto tracker, Alerts, News;"The best Bitcoin &amp; crypto tracker app, coin prices, portfolio, alerts, news."
com.giottus.giottus_mobile;Giottus Cryptocurrency Exchange;Giottus ‚Äì India‚Äôs Trusted Cryptocurrency, Bitcoin Trading Platform
com.crypto.currency;‚≠êÔ∏èBitcoin, Ethereum, IOTA Ripple Price,Crypto News;Real-Time Crypto Market Data
com.bitcoin.cryptocurrencyinsight;Cryptocurrency Insight: Investment for beginners;Useful aggregator of best cryptocurrency trading approaches and strategies
com.coinmarketcap.android;CoinMarketCap - Crypto Price Charts & Market Data;"Real Time Cryptocurrency Charts &amp; Crypto Price Tracking for Bitcoin, Ethereum"
com.gemini.android.app;Gemini: Buy Bitcoin Instantly;Gemini is the safe, secure, easy way to buy bitcoin and other cryptocurrency.
com.cryptonews;Crypto News;Crypto News ‚Äî news about cryptocurrencies, Coin Market Cap, portfolio management
com.interactive_crypto.app;Bitcoin & Cryptocurrency - Crypto Trading - FREE!;Cryptocurrency, Bitcoin - Crypto - Ripple - Ethereum - Altcoin - BTC/USD/EUR
io.cex.app.prod;CEX.IO Cryptocurrency Exchange;Buy Bitcoin and other crypto, use the cryptocurrency widget in the CEX.IO app.
crypto.learn.blockchain.programming.coding.cryptocurrency.bitcoin;Learn Blockchain - Cryptocurrency Programming;"Learn Blockchain Programming &amp; Cryptocurrency Technology - Build Blockchain apps"
com.mal.saul.coinmarketcap;Coin Market: cryptocurrency news, ICO, Ethereum;Everything to invest and be informed about the bitcoin market. Download the App!
com.quicrypto;Quicrypto: Earn Crypto & Free Bitcoin;Get Free Bitcoin (BTC), Nano or any cryptocurrency - earn Bitcoin in minutes!
com.hittechsexpertlimited.hitbtc;HitBTC ‚Äì Cryptocurrency Exchange & Trading BTC App;"The most advanced crypto exchange &amp; trading app. Trade cryptocurrency on the go!"
com.kraken.trade;Kraken Pro: Advanced Bitcoin & Crypto Trading;Margin trade cryptocurrency up to 5x. Charting tools for 100+ markets.
com.flashratings.hodl;HODL - Real-Time Crypto Tracker;"Bitcoin / Crypto Prices, Charts, News, Portfolio Tracker &amp; Alerts"
com.coindcx;CoinDCX - Bitcoin and Cryptocurrency Exchange App;Welcome to India‚Äôs largest crypto exchange app with 300+ coins to invest in!
com.cryptee;Cryptee;A Cryptocurrency price tracker for Android TV
com.romerock.apps.utilities.cryptocurrencyconverter;Cryptocurrency Converter - Exchange Rates;"üí∞ Digital Money Calculator: Historical Data, Notifications &amp; Offline Mode"
com.digifinex.app;DigiFinex - Buy & Sell Bitcoin, Crypto Trading;Safe, stable, easy-to-use and fast cryptocurrency trading exchange
com.tforp.cryptogdx;Bitcoin Trends: Cryptocurrency trading signals;Trade bitcoin and other altcoins more effectively with our trading analysis
com.cryptonator.android;Cryptonator cryptocurrency wallet;"Convenient &amp; secure cryptocurrency wallet"
com.juuteam.anycoin;ANYCOIN - Universal Cryptocurrency Converter;"Anycoin, the most powerful and easy-to-use currency &amp; cryptocurrency calculator"
com.emberfund.ember;Ember Fund - Bitcoin & Cryptocurrency Investing;Meet Ember Fund. A cryptocurrency hedge fund, for everyone.
app.cryptomania.com;Simulator ‚Äî Cryptocurrency trading;Simulator ‚Äî Bitcoin trading and investing for beginners
app.freeairdrop.io;FreeAirdrop - Earn Free Crypto Airdrops;"‚úî  Start your cryptocurrency journey with free airdrops
üõë 100% Ad Free"
st.brothas.mtgoxwidget;Bitcoin Ticker Widget;Bitcoin Ticker Widget displays and monitors current BTC and LTC exchange rates.
com.learningapps.learnbitcoinblockchaincrypto;Learn Bitcoin, Blockchain, Cryptocurrency, Altcoin;The best way to learn about bitcoin, blockchain, cryptocurrencies and altcoins
com.kyriakosalexandrou.coinmarketcap;CMA DOPAMINE - Bitcoin, NFT, Binance Tracker;"Cryptocurrency, CoinDesk News &amp; data from CryptoCompare &amp; CoinMarketCap"
com.wrx.wazirx;WazirX - Bitcoin, Crypto Trading Exchange India;Buy Bitcoin and 100+ cryptocurrencies in INR through UPI/IMPS instantly in India
com.mycontainer;MyCointainer - Earn crypto rewards;Earn rewards on your crypto
com.whitebit.android;WhiteBIT: Cryptocurrency Trading;Crypto Trading Cryptocurrency Trading Crypto Staking
com.cryptopumpfinder;Signals, Auto Analysis, Alert - Crypto Pump Finder;"Auto Analysis, Volume &amp; Price scanner, Alt Hunter, Events, Market Pulse, Alert"
quarecy.crypto;Bitcoin Trading: Investment App for Beginners;"Bitcoin &amp; Ethereum Trading Simulator Game for Beginners. Free course - NO RISK"
com.cryptocurrency.cryptofolio;Cryptocurrency: charts, and prices;Cryptocurrency:¬†charts¬†and¬†prices¬†for¬†cryptotraders
com.cryptocurrency.news;Cryptocurrency & Bitcoin News;"Cryptocurrency News :  bitcoin wallet &amp; mining, darkcoin, litecoin, digibyte,etc"
top.pivot.community;Pivot - Bitcoin,BTC,ETH,BCH,LTC,EOS,Cryptocurrency;Cryptocurrency community,Reddit+Coindesk=PIVOT, Invested by Binance Labs, Huobi.
com.netkoin.app;Netkoin: Play Games or Watch Ads and Earn Crypto;Earn cryptocurrency by playing games, watching ads, and completing surveys!
com.tools4monitoring.btccalc;Bitcoin Calculator & Cryptocurrency Converter;Bitcoin calculator and crypto currency converter. Exchange rates with charts.
com.academy.binance;Binance Academy - Blockchain & Crypto Education;"Learn about blockchain &amp; cryptocurrency technologies - Bitcoin Ethereum Litecoin"
eu.codehunter.airdrops;Airdrops - Crypto Tokens;Airdrops lists active and upcoming crypto token giveaways.
com.coindcx.btc;CoinDCX Go: Bitcoin, cryptocurrency investment app;India's simplest Bitcoin and cryptocurrency investment app for beginners!
com.emkore.apps.cryptograph;Cryptograph - Cryptocurrency Market Charts;Data done beautifully. The latest charts, rates and volumes on over 2,500 coins.
com.mnm.cryptocurrency.cryptoconvert;CryptoConvert - Crypto Price Exchange Tracker;All in one cryptocurrency tool for prices, exchange rates and portfolio tracking
com.bitmart.bitmarket;BitMart - Cryptocurrency Exchange;BitMart is the best trading platform for all cryptocurrency enthusiasts.
com.coinsforecast.cryptocoinsforecast;CryptoCoins Forecast;Get accurate forecasts of crypto currency price compare daily
com.wEarningBrowser_8936884;Earning Browser - Cryptocurrency;Join and get 25 additional PRE tokens!
com.xcoex.mobile;XCOEX: Cryptocurrency Exchange & Blockchain Wallet;Buy, Exchange and Sell: Bitcoin, Ethereum, Litecoin and others
com.samin.androidea.cryptocurrencycalender;Cryptocurrency Calendar;Get Coinmarketcal events in your fingertip
com.develop.elegant.coinalarm;Coin Alarm;This app will monitor the price of crypto currency instead of you.
com.zyncas.signals;Signals - Crypto;Signals - Crypto is a service provided by experts from cryptocurrencies market
io.getdelta.android;Delta Investment Portfolio Tracker;"World‚Äôs highest-rated Investment Tracking app. Track Stocks, Crypto, ETF &amp; more."
dev.dworks.apps.acrypto;Cryptocurrency Bitcoin Alerts Portfolio Widgets;"Cryptocurrency  Portfolio, News, Prices &amp; Alerts for Bitcoin Ethereum"
com.cakecodes.bitmaker;StormX: Shop and earn or play and earn free crypto;Shop and earn or play to win cryptocurrency (BTC, ETH, LTC, DAI or STMX)
com.wFreeTRONfaucetFreeTRXDigitalCurrency_12330832;Free Tron Coin TRX | Free Cryptocurrency;Earn Free TRON (TRX) Every Hour
com.live.crypto.currency.rate;Live CryptoCurrency Rate - Track your coin;Live Coin Rate is growing Cryptocurrency app for check live price of top coins.
com.wFreeNeoCoinCryptocurrency_12210799;Free Neo Coin | Free Cryptocurrency;Earn Free Neo Coin
best_courses.ethereum_guide;Ethereum Crypto Mining guide - Earn & Sell;Cryptocurrency Blockchain Platform | Mining Ether | Earn Ethereum | Sell ETH
com.wCoinFaucetioFreeRippleFaucetFreeXRPFreeGiveawaysandmore_12776622;Free Ripple XRP Free Cryptocurrency;Earn Free Ripple (XRP) Cryptocurrency coin
io.cointracker.android;CoinTracker ‚Äì Cryptocurrency Portfolio & Taxes;"Cryptocurrency Portfolio, Prices, Charts, Alerts, Taxes, Exchange &amp; Wallet Sync"
com.mokimokiteam.cryptonewsalerts;Crypto News Alerts - Track bitcoin news - altcoins;Cryptocurrency news tracking application for bitcoin or any altcoin
bitcoin.merchant.tools;Bitcoin Tools;The application shows the prices of different cryptocurrencies
com.nikitadev.cryptocurrency.pro;CryptoRocket PRO - Bitcoin, Cryptocurrency Tracker;"Cryptocurrency Prices, Alerts and News. Bitcoin, Ethereum, Ripple &amp; others."
com.wFreeChainlinkCoinLINKFree_12381240;Free Chainlink Coin LINK | Free Cryptocurrency;Earn Free CHAINLINK (LINK) Every Hour
academehub.blockchain_cryptocurrency;Blockchain and Cryptocurrency Full Course;Learn all about Blockchain, Cryptocurrency and Bitcoin! Download now!
com.tokenncoin.marketcap;Tokenncoin ‚Äì A Cryptocurrency Market Data Platform;A transparent and real-time based cryptocurrency market data platform for all.
com.myminter.app;MyMinter - Portfolio and cryptocurrency tracker;MyMinter is the best free cryptocurrency portfolio tracker app on the Minter.
com.accointing;Accointing ‚Äì Crypto Tracker;The smartest Bitcoin and cryptocurrency portfolio management app
net.graviex.quark.mobile;GRAVIEX - Cryptocurrency Exchange;Application specially designed to trade on GRAVIEX.
rollnumber.btcethltcbth;RollerNumber: Free BTC ETH DOGE LTC TRON XRP XLM +;Earn btc eth doge and 25 more different crypto coins or tokens for free.
com.cindicator.stoic_android;Crypto Trading Bot for Binance: Portfolio Manager;Stoic is a simple automated crypto trading app with AI for Binance.
com.caro.bitbook;CoinShark - Cryptocurrency tracker and portfolio;Cryptocurrency prices and portfolio
swartlandapps.co.za.cryptoprofitcalculator;Crypto Profit Calculator;Handy utility to calculate your profit and more when trading Crypto Currencies.
com.bitscreener.cryptotracker;Crypto Tracker by BitScreener - Live Coin Tracking;Real-time Coin Charts for Binance, Coinbase, CoinMarketCap, Crypto.com, Bittrex
com.changelly.app;Changelly: Buy Bitcoin BTC & Fast Crypto Exchange;"Buy Bitcoin instantly &amp; Exchange Crypto coins and tokens at the best swap rate!"
com.tabtrader.android;TabTrader Buy Bitcoin and Ethereum on exchanges;Trading terminal to buy and sell bitcoin or altcoin on major exchanges
com.coin.track;Crypto Price Alert: Cryptocurrency Alerts;üìà Crypto value alerts for bitcoin price, litecoin price, ethereum value lists
com.nikitadev.cryptocurrency;CryptoRocket - Bitcoin, Cryptocurrency Tracker;"Cryptocurrency Prices, Alerts and News. Bitcoin, Ethereum, Ripple &amp; others."
com.investvoyager;Voyager - Buy Bitcoin & Crypto;"Trade ETH, BTC, DOGE &amp; 50+ Altcoins"
com.phemex.app;Phemex: Top Bitcoin Exchange App, Crypto & 0 Fees;"Best &amp; Fastest crypto exchange app, 100x leverage, btc &amp; usd, zero-fee, get now"
com.cryptorabbitplus.cryptorabbitplus;CryptoRabbt! New Free Cryptocurrency Arbitrage App;A New Free Tool to Help You Save Money and Get Free Cryptocurrency Without Risk.
com.coinpredict;CoinPredict: Crypto Predictions & Bitcoin Tracker;Get the best Bitcoin ticker app for community crypto price predictions! üèÜüöÄ
com.backflippedstudios.crypto_ta;CryptoTA - Technical Analysis on Cryptocurrency;Cryptocurrency World leader in Technical Analysis
io.jackqack.hodler;Hodler ‚Äì Crypto Portfolio, Cryptocurrency Tracker;Crypto portfolio tracker, crypto news, crypto tracker, price alerts, coin prices
com.kamdroid3.mrx.bitCoinCryptoCurrency;Bitcoin & Cryptocurrency;Bitcoin and Cryptocurrency Market Latest News and Price Rate
one.big;BigONE - Bitcoin Trading & Cryptocurrency Exchange;A trading platform that provides BTC,ETH,LTC,USDT trading services.
com.coincodex.coincodexapp;CoinCodex - Crypto & Bitcoin Price Charts and Data;Track Bitcoin and 7,000 other crypto coins with the CoinCodex portfolio app.
org.nikas.cryptocurrency.widget;Cryptocurrency Widget;This app is a graphical cryptocurrency exchange informer for your home screen
co.decrypt.app;Decrypt - Bitcoin & crypto news;The best coverage of Bitcoin and blockchain news from across the world.
com.fluidcoins.fluidcoins;Fluidcoins;Automated investments in cryptocurrency
com.exmo;EXMO: Buy & Sell Bitcoin (BTC) on Crypto Exchange;Trade Bitcoin and other Crypto on EXMO Exchange. Buy, Sell or Hold over 57 coins
com.colodax.colodax;Colodax - Bitcoin & Cryptocurrency exchange;"Buy Sell Bitcoin &amp; Other Top Cryptocurrencies in India"
com.altcoinfantasy.altcoinfantasy;Crypto & Bitcoin & DeFi Trading Game;"Crypto &amp; DeFi trading simulation game - trade your way to the top of crypto"
app.goodcrypto;Good Crypto: one trading app for all exchanges;Trade on Binance, Bybit, FTX, FTX.US, Binance.US, Coinbase Pro, Kraken, KuCoin
bitsnapp.com.bitsnapp;Bitsnapp Crypto Portfolio - Cryptocurrency tracker;Track your crypto portfolio with 25+ exchange APIs and 50+ wallets integrations.
com.bitbns;Bitbns: Bitcoin, Crypto Trading Exchange India;5 min KYC, Free Quick deposits, Same day Withdrawals, Multi currency exchange
com.coinsbit.coinsbit;Coinsbit - Cryptocurrency Exchange: BTC, ETH, USDT;Trade Bitcoin, Etherium, USDT and hundreds of other crypto coins fast and safe
com.coinranking.twa;Coinranking - Cryptocurrency Prices Live & NFTs;"Get all Cryptocurrency Prices: Bitcoin, Ethereum &amp; NFTs. Live in USD, EUR &amp; more"
mon.coinmarket.trader;CoinMarket: Trading Tool & Idea of cryptocurrency;View price,  portfolio, alert, ideas, track, trade coins on your exchanges
pl.cinkciarz.cryptorates;Cryptocurrency Rates Conotoxia;Be up-to-date with the most popular cryptocurrency rates!
com.viabtc.pool;ViaBTC - The Global Cryptocurrency Pool;One-Stop Multi-cryptocurrency Mining - High Efficiency and Profit
net.cryptobubbles;Crypto Bubbles;Interactive visualisation tool for the cryptocurrency market
com.coinjar.riemann;CoinJar: Buy Bitcoin & Cryptocurrency | BTC XRP;"Buy, Sell &amp; Send Crypto including Ripple, Ethereum ETH, Litecoin LTC, XLM, BAT"
exchange.fox.android;fox.exchange Cryptocurrency Express Exchange;fox.exchange a non-custodial crypto express exchange: best rates, fast, safe!
com.tregix.cryptoalert;EASY CRYPTO;You can track all coins from here and set an alarm
bitcoin.ethereum.ripple.cryptocurrency.crypter;Trading Apps, Cryptocurrency, Buy Bitcoin BTC, XRP;Cryptocurrency, Trading Apps: Buy Bitcoin BTC, Ripple XRP, Ethereum. Make Money
com.cryptocointracker.services;Crypto Tracker - Cryptocurrency Portfolio tracker;"Track Crypto Coin Prices, Crypto news &amp; Bitcoin price with Crypto Coin Tracker"
com.cryptomood.cryptomood;CryptoMood - Crypto Sentiment Analysis Tools;Sentiment analysis tools for superior crypto trading decisions
com.cryptowale.cryptowaleapp;CryptoWale- Bitcoin India crypto tracking + alerts;Realtime bitcoin tracking and cryptocurrency price alerts in notification tray
com.prizmbit;Prizm wallet, p2p cryptocurrency exchange;Prizm paramining wallet, p2p buy, sell, exchange PZM, BTC, ETH, USDT, RUB, USD
com.batuhan.cryptocurrencyapp;CryptoCurrency : Prices, News, Forum & Converter;An app which cryptocurrency followers will love!
com.cryptocurrency.meteorrain;Crypto Live;"Crypto Live Prices - Exchange rate of cryptocurrency &amp; Cryptocurrency Converter"
com.coindataflow;Cryptocurrency Prices Bitcoin&Altcoin Coindadaflow;CoinDataFlow is an application for ranking cryptocurrencies and exchanges
com.powerapps.blockchain;Blockchain Course, Bitcoin and Cryptocurrency;Learn Blockchain technology course üîê and the theory behind cryptocurrencies.
com.portfolio.currency.crypto.cryptotrax;CryptoTrax - Bitcoin & Cryptocurrency Portfolio;"CryptoTrax is a Bitcoin &amp; cryptocurrency portfolio app and live market tracker."
com.platincoin;PLC Farm;PLC Farm Application
com.vinsofts.bitcoin;CryptoCurrency Alert Tracker;CryptoCurrency Alert Tracker  #1
com.trackiphy;Trackiphy - Bitcoin and Cryptocurrency Tracker;Track and monitor Bitcoin as well as over 5,000 other cryptocurrencies
cryptocurrency.bitcoin.price;Cryptocurrency Prices, Investing & Exchange;Track price of Bitcoin, Ethereum and 1900+ cryptocurrencies, Crypto Investments
com.robmojo.cryptocurrency;Cryptocurrency Photo Editor;Your business accept cryptocurrency? Promote them using this app!
ab.cryptocurrency;Crypto Coins - CryptoCurrency;Bitcoin, Ethereum, Litecoin.
com.btc.bitcoin.price.alert.cryptocurrency.coin.ticker.crypto.app;Bitcoin Price: Your BTC Coin Ticker Crypto App;Bitcoin Price keeps track of all your cryptocurrency coins in one crypto app.
io.bottrex.starter;Bottrex - Cryptocurrency trading bot;Bottrex is a robot that operates Bitcoin and other cryptocurrencies
com.briox.riversip.finance.vc;Bitcoin, Cryptocurrency & Blockchain News;Your one stop for crypto news: BTC, Ethereum and other digital currencies
crpt.crypdates.com;CrypDates - Realtime Cryptocurrency Price Alerts;Bitcoin, Ethereum , Altcoin, Coinbase, Binance, Bitmex, Bittrex price alerts
com.amazingapps.cryptocurrencysecrets;Cryptocurrency Secrets;Start learning about virtual currency with our Free Cryptocurrency Secrets App!
com.thinkwik.cryptograph;CoinStats -  Cryptocurrency Tracker;"With CoinStats get information about Market cap &amp; rank, prices, exchange volumes"
com.stevevsoftware.cryptocurrency;Cryptocurrency & Bitcoin News üëçüí≤;"Cryptocurrency &amp; Bitcoin News App. üòéLearn ripple, xrp, crypto, wallet &amp; more!"
com.hotbtc.exchange;HOTBTC - Buy Sell & Trade Cryptos. BTC ETH Wallet;"HOTBTC ‚Äì Buy, Sell &amp; Trade Cryptos. Coin &amp; ICO Listing. Crypto Wallet."
com.hash.mytoken;MyToken ~ cryptocurrency ticker & portfolio;Cryptocurrency encyclopedia- the first step to crypto world
com.pixelportfolio;PixelPortfolio - Cryptocurrency Portfolio Tracker;A portfolio which makes holding cryptocurrency, like Bitcoin, feel more real.
com.bitkub;Bitkub - Bitcoin, Cryptocurrency Exchange;"Bitkub.com - Buy/Sell Bitcoin &amp; Ethereum Instantly"
com.swiftspeedappcreator.android5fed52c528680;PrimeXBT - Best Cryptocurrency Trading Platform;PrimeXBT is an award wining Bitcoin-based margin trading platform.
com.bitazza.android;Bitazza - Bitcoin/Cryptocurrency Exchange & Wallet;"Trade Crypto &amp; DeFi: Bitcoin, Ethereum, Ripple, Stellar, Uniswap, YFI, and more"
com.richamster.app;Richamster - Cryptocurrency trading mobile app;Buy and sell Cryptocurrencies like BTC,KRB,DOGE..with safety from Richamster
com.vueapps.cryptocurrency;Crypto News Scoop - Cryptocurrency News & More;"Daily Scoop Of Bitcoin, Cryptocurrency News, Signals, ICO&#39;s, &amp; Price Ticker"
pexzila.cryptocurrency;Cryptocurrency Price in INR India;Easy access to cryptocurrency prices, such as bitcoins and ethereum in INR
io.coninalarm;CoinManager- Bitcoin, Ethereum, Ripple finance app;Make alarm and keep noticed for Bitcoin, Ethereum, Ripple and other altcoins.
bg.iss.mycryptomoney;Cryptocurrency - Prices, Portfolio value;Cryptocurrency prices in real-time. Portfolio value calculation.
com.trippydev.miner;Bitcoin Miner Crypto Cloud Mining;Mine Cryptocurrency
beginersapp.cryptostart.com.cryptostart;Cryptocurrency Trading for Beginners;A guide for beginners in crypto world!
com.kr.iotrust.dcent.wallet;D'CENT Crypto Wallet - Bitcoin, Ethereum, XRP etc.;Manage cryptocurrency portfolio and use various blockchain services such as DeFi
com.coinclub.android;Coin Club - Bitcoin,BTC,ETH,EOS,Cryptocurrency,ICO;The #1 crypto community
in.chawk.fonix;Fonix - Cryptocurrency Portfolio Tracker;"Cryptocurrency Portfolio Tracker
&amp; Trading Terminal"
co.gem;Gem: Track Bitcoin & Crypto;Crypto Portfolio Tracker
com.tocapp.cryptowordsearch;Crypto Word Search - Find Coins (Cryptocurrency);A crypto word search of a coins list. Puzzle search game of cryptocurrency.
net.ethylyte.com;ETHLYTE CRYPTO: Bitcoin /Cryptocurrency /Money App;Send/recieve Bitcoin, Ethereum ,USDC  ( crypto¬¥s ) for free. Exchange crypto¬¥s
io.ambankwallet.ambankwallet;AMBANK Coin - Cryptocurrency Faster, High Security;AMBK is the next evolution of electronic money, fast, efficient and secure.
com.Bitcointrading;Crypto Signals Bitcoin Signals  Cryptocurrency;We send you the best Crypto signals and Bitcoin signals to your mobile ,Email
cyto.money;Crypto Money Market. Cryptocurrency, Exchange,;This is an app which provides an avenue for various Cryptocurrency Markets
com.dailytapps.cryptocurrencynews;Bitcoin News: Crypto News & Altcoin News;Read the latest Bitcoin news, Crypto news, Altcoin news from reputable sources
com.gs.crypto_price_check;Cryptocurrency Converter Calculator: BTC, ETH, LTC;The Crypto Checker Calculator convert rates for BTC, ETH and LTC into USD.
com.application.bitcoiva;Bitcoiva-Bitcoin & Cryptocurrency Exchange India;Bitcoiva is the Next-generation crypto-trading platform that supports various...
com.adaptivebits.coinmarketrevenue;Crypto Tracker and Portfolio - Coin Market Info;Get real time update for CryptoCurrency coins and see how much your coins worth
com.johan.alex.crytoconv;Cryptocurrency Converter;Cryptocurrency Converter makes it easy to calculate conversion rates!
com.nexdroid.cryptoscale;Bitcoiner - Crypto & Coin Market, News & Widgets;"Live Bitcoin, Ripple, Ethereum &amp; CryptoCurrency Price Tracker &amp; Alerts"
com.cryptocurrency.bitcoinaltcoinmakemoney;Crypto Tool - Make Money with Bitcoin Ethereum ...;üöÄüöÄCrypto Tool is a free app to help with your investments in bitcoin altcoins
com.app.cryptotracker.coinstats.portfoliotracker.cryptocurrency.bitcointracker.cryptoalerts;The Crypto Tracker - Coin Stats, Coin Market Cap;"Track all Crypto prices, set Crypto alerts &amp; Manage Portfolio w. Crypto tracker."
app.coinverse;Coinverse - cryptocurrency news, bitcoin, ethereum;Audiocasts on cryptocurrency news - bitcoin, ethereum, dash, and more...
com.website2apk.cryptomarketuk;Cryptocurrency - Cryptocurrency Prices - Bitcoin;Cryptocurrency Market, Cryptocurrency Prices, Bitcoin Price, CoinMarketCap
com.mnm.cryptocurrency.cryptoconvert.pro;CryptoConvert Pro - Crypto Price Exchange Tracker;All in one cryptocurrency tool for prices, exchange rates and portfolio tracking
com.vertfolio.app;Vertfolio - Cryptocurrency Portfolio Tracker;The simplest cryptocurrency portfolio tracker
co.codecrunch.cryptocurruncylist;Cryptocurrency List - Cryptocurrency, Price;Track and analyze all cryptocurrency List with Graph and Cryptocurrency details
com.tk.cryptomarketcap;CryptoCurrency Market Cap - Bitcoin Tracker & News;"Track 4500 crypto coins &amp; market news
Live tracking of large crypto transactions"
com.incrypt;Crypto News Aggregator - Incrypts;"Incrypts aggregates latest crypto news covering bitcoin &amp; other cryptocurrencies"
b9l.blocksignal;Blocksignal - A Bitcoin and cryptocurrency Alerts;A cryptocurrency price alerts
com.jsd.cryptoport;CryptoPort - Coin portfolio tracker;Effortlessly monitoring your cryptocurrency portfolio. Live balance sync.
io.lcpsmobile.tradecrypto;Trade Crypto (Cryptocurrency Market Analysis);Cryptocurrency trading tracker (Bitcoin BTC, Ethereum ETH crypto and more!)
com.nineseals.coinwatch;CoinWatch Free - Bitcoin & CryptoCurrency Ticker;"Ticker &amp; News &amp; Analysis for Bitcoin, Ethereum, Ripple, Bitcoin Cash, EOS, etc."
com.applover.bitcoin;Learn Bitcoin - Cryptocurrency Beginner's Guide;All about Bitcoin and Other Currencies - How to Trade and Invest for beginners
org.todevelop.apps.cryptorates;CryptoCurrency : Bitcoin & Ethereum exchange rates;Live CryptoCurrency : Bitcoin, Ethereum, Binance and more... exchange rates free
com.berminal.android;Berminal: Cryptocurrency, Blockchain, Bitcoin News;Cryptocurrency, blockchain, And bitcoin news All In One App
com.cointopper.coinlist;CoinTopper - Cryptocurrency, ICOs, News & Guides;Track analyze and get notified about all the cryptocurrency updates in real time
com.bitoex.bitoproapp;BitoPro Cryptocurrency Exchange-BTC,ETH,TWD;BitoPro App users can easily manage their digital assets.
com.cryptorai.cryptorai;Cryptorai Bitcoin Cryptocurrency Portfolio Tracker;Privacy-centric and feature-rich bitcoin and cryptocurrency portfolio tracker
com.StuffOfInterest.BitcoinExchangeRates;BExR - Bitcoin (Cryptocurrency) Exchange Rates;Real time exchange rates for cryptocurrencies (Bitcoin+) and world currencies.
pro.cryptotab.android;CryptoTab Browser Pro‚Äîmine on a PRO level;Increase your mining speed with a special version of CryptoTab Browser
com.core.app.bitgarage;Bitcoin, Ripple & Cryptocurrency News - BitGarage;"Bit Garage is a news app that presents latest &amp; most useful cryptocurrrency news"
bit7pay.com.bit7pay;Bit7Pay Bitcoin and Other Cryptocurrency Wallet;Bit7Pay - Bitcoin Ethereum Litecoin Ripple Bitcoin Cash Cryptocurrency Wallet
studio.manufacture.wealthcoin;Wealthcoin - Bitcoin and cryptocurrency portfolio;Keep track of your cryptocurrency portfolio in real-time
com.mgm.bcryptonews;B Crypto News: Latest Cryptocurrency News;Read the latest cryptocurrency news about Bitcoin, Blockchain, Altcoins...
com.tele.mycrypto;iMineFolio - Cryptocurrency Mining Portfolio;Your reliable mining portfolio
earn.cryptocoin.freemulticryptofaucet;Free Multi Crypto Faucet;"Claim Free Multiple Cryptocurrency with ""Free Multi Crypto Faucet""."
com.Ariful.info.crypto;Crypto Market Cap - Cryptocurrencies Market Prices;Crypto Market gives you quick and easy access to cryptocurrency prices.
com.lunadio.moon;Moon ‚Äì Cryptocurrency portfolio tracker;Crypto portfolio at a glance. Monitor your Bitcoin and other assets in real time
com.swiftspeedappcreator.android603fb25ce8d82;TIDEX | Cryptocurrency Exchange and Trading;"Crypto exchange &amp; trade platform blockchain service for work with digital assets"
com.dizworld.crypto.chat;Crypto Chat | Cryptocurrency Chat & News;Welcome to The Crypto World!
com.ashvinstech.crypto;Crypto : Cryptocurrency Tracker;A beautiful app which shows you the rate of all cryptocurrencys in one click.
com.btcturk.pro;BtcTurk | PRO - Buy-Sell Bitcoin;Trade Bitcoin Professionally
com.mourad.cryptoconverter;Crypto converter - Cryptocurrency prices;Cryptocurrency converter - your daily crypto app and real time prices!
cryptocurrency.signals.lambotime;Lambo Time - Cryptocurrency Signals;Receive cryptocurrency signals alerts and day trade alt coins profitably!
com.creaticksolution.mycoinrate;Live Coin Rate - CryptoCurrency;Real time live coin rate - CryptoCurrency
com.aw.coinmarketcap;Coin Folio - Cryptocurrency price tracker;Coin Folio gives you quick  access to coin market cap, prices ,details and chart
com.magetic.cryptocurrencyapp;Cryptocurrency Tracker;Analytics platform for tracking cryptocurrencies and blockchain assets
gengolia.com.f0lio;f0lio - Bitcoin & Cryptocurrency Portfolio;"folio is a beautifully designed, Bitcoin &amp; cryptocurrency portfolio app"
com.marketing66.cryptocurrency;Cryptocurrency - Live Crypto Prices, Charts & News;"Cryptocurrency - Live Crypto Prices, Charts &amp; News provides live price,streaming"
com.leopold.android.coin;Culse - Cryptocurrency, Bitcoin, Ethereum, Ripple;Culse is your best cryptocurrency assistant
com.cryptobrokergame;Crypto exchange game - Bitcoin, Ethereum..;Crypto exchange game and cryptocurrency tracker for investing crypto!
b188.rbotduasatu.tech;RacingBOT - Cryptocurrency BOT BTC.ETH,LTC,DOGE;RacingBOT is a Software Bot for cryptocurrency DOGE,BTC,LTC,ETH
com.olivier.currency;Currency converter, convert money & cryptocurrency;All currencies conversion in this currency calculator! USD, EUR, GDP, JPY, Yuan
com.coins.cryptocurrency.myras;Cryptocurrency Price;All Coins Prices and update Graphes In one App`
com.bittrexapp.lokesh.bittrexcryptoexchange;Cryptra - Cryptocurrency Tracker for Bittrex;An App to track your crypto portfolio linked to Bittrex exchange.
com.prateek.crypto;Cryptocurrency Tracker;Track prices, market cap, rank and volumes on cryptocurrencies!
com.cryptonews.cryptocoinnews.cryptocoin.cryptocurrency;CryptoNews - Unbiased News;"The Comprehensive Bitcoin &amp; Cryptocurrency Latest News Aggregator App"
com.appzeeinc.cryptocurrency_converter_news_charts.crypto_master;Crypto News: Cryptocurrency Converter & Tracker;"Track cryptocurrency prices, Crypto news with Free Crypto app &amp; Crypto Converter"
best_courses.ethereum_crypto_wallet_guide;Ethereum wallet tutorial - cryptocurrency platform;Learn how to manage a Ethereum Wallet in 2021 | Earn from blockchain platform
com.bitguild.guildchatandroid;GuildChat;"Crypto Wallet &amp; Community"
com.realtorcamls.cryptotracker;Cryptocurrency Tracker - Crypto Prices;Real-time Cryptocurrency data: Track Bitcoin, Ethereum, Litecoin, Tron and more
com.coinbuzz.news;CoinBuzz--Bitcoin, Cryptocurrency News & Prices;"Latest Blockchain, Cryptocurrency &amp; Altcoin Trends: Bitcoin, ETH, EOS, XRP, etc."
co.ssoul.CryptoC;Exchange Rates Cryptocurrency and Widget - CryptoC;Cryptocurrency Rates
com.ved.cryptolive;CryptoLive - Live 400+ Cryptocurrency Prices;Analyse 400+ Cryptocurrency Price Changes. Bitcoin, Ethereum, Dash, Steemit ...
com.bitshield.bitshieldwallet;BitShield Wallet - Bitcoin Wallet;Bitshield Wallet is simple but powerful Bitcoin wallet for every day.
com.blocktrail.mywallet;BTC.com - Bitcoin Wallet;"The leading multi-platform Bitcoin &amp; Bitcoin Cash wallet."
org.electrum.electrum;Electrum Bitcoin Wallet;Fast and self-custodial wallet for Bitcoin and the Lightning Network
com.greenaddress.greenbits_android_wallet;Green: Bitcoin Wallet;Bitcoin - secure and easy
com.bitcoinofamerica.wallet;Bitcoin of America Wallet;Wallet for Bitcoin (BTC),Bitcoin Cash (BCH),Litecoin (LTC), Ethereum (ETH), etc
io.hexawallet.hexa;Bitcoin Wallet Hexa;Secure your bitcoin
io.totalcoin.wallet;Bitcoin Wallet Totalcoin - Buy and Sell Bitcoin;Blockchain Bitcoin wallet - secure app to buy, exchange and sell cryptocurrency.
com.xapo;Xapo;More than a digital wallet
asia.coins.mobile;Coins.ph Wallet;All-in-One Wallet: Buy Prepaid Load, make Bill Payments, and Send Remittances!
com.bitcoin.merchant.app;Bitcoin Cash Register (BCH);Allows your business to accept Bitcoin Cash payments (BCH)
com.ownrwallet.wallet;OWNR Bitcoin wallet and Visa card. Blockchain, BTC;Buy Ethereum, Litecoin, ERC20, BCASH, Altcoin, cryptocurrency in secure wallet!
vip.mytokenpocket;TokenPocket Wallet. BTC, ETH, BSC, HECO, TRON, DOT;A multi-chains wallet built on BTC, ETH and EOS with a built-in dapp store.
co.id.dompet.btc.indonesia;Dompet Bitcoin Indonesia;Indodax.com Official Bitcoin Wallet
com.bitcoinblack.wallet;Bitcoin Black Wallet;Official Mobile Wallet for Bitcoin Black
io.goldwallet.wallet;GoldWallet - Bitcoin Vault Wallet;The Gold Wallet is the official Android wallet for Bitcoin Vault (BTCV).
com.bitcoin.firstdigitalhub;Bitcoin;Bitcoin is an online crypto system invented by Satoshi Nakamoto
coin98.crypto.finance.media;Coin98 Wallet - Crypto Wallet & Payment Gateway;Coin98 is a decentralized wallet for cryptocurrency users around the world
ltcc.org.freewallet.app;Litecoin Wallet. Buy & Exchange LTC ‚Äî Freewallet;Hold your LTC currency in the app with a price chart for trading üìä
best_courses.bitcoin_wallet_guide;Bitcoin Wallet - Tutorial For 2021;Learn how to manage a Bitcoin Wallet in 2021 | Mine bitcoin and earn from crypto
net.coinpayments.coinpaymentsapp;CoinPayments - Crypto Wallet for Bitcoin/Altcoins;Secure Cryptocurrency Wallet ‚Äì Store/Send/Receive Bitcoin and 1,200+ Altcoins
com.blockchainpluswallet.plus_wallet_app;Blockchain Plus Wallet;Blockchain Plus Wallet is a platform new generation application wallet
earn.free.bitcoin;Free Bitcoin - Earn Bitcoins in your spare time;FREE BITCOIN lets you gain Bitcoins for completing easy tasks!
com.jurajkusnier.bitcoinwalletbalance;Wealth Check - Bitcoin Wallet Balance and History;Check balance and history of any bitcoin wallet
com.eletac.tronwallet;Vision: Bitcoin and Crypto Wallet;Bitcoin and Crypto Vision at a Glance - Multi-Chain Wallet and Portfolio Tracker
org.deeponion.wallet;DeepOnion Mobile Wallet;DeepOnion: An anonymous, untraceable cryptocurrency sent through the Tor network
com.ellipal.wallet;ELLIPAL: Crypto Bitcoin Wallet;One-stop crypto wallet for Bitcoin, Ethereum, XRP and more
com.youhodler.youhodler;YouHodler - Crypto and Bitcoin Wallet;üèÜ Unlock the value of your crypto with us
com.patriciaapp;Patricia;Patricia- Buy and Sell Giftcards and Bitcoin using your Naira and/or BTC wallet
com.coinbase.pro;Coinbase Pro ‚Äì Bitcoin & Crypto Trading;Most trusted crypto exchange. Trade on margin. Bitcoin, Ethereum, BTC, ETH.
doge.org.freewallet.app;Dogecoin Wallet. Store & Exchange DOGE coin;Free and secure Dogecoin wallet with a built-in exchange and easy transactions
com.binance.us;Binance.US;Buy, Sell, and Trade Cryptocurrencies
trx.org.freewallet.app;Tron Wallet. Store, send & receive TRX coin;Free TRX coin mainnet wallet with a built-in exchange and advanced security
com.etoro.wallet;eToro Wallet;Hold multiple cryptocurrencies
io.infinito.wallet;Infinito Wallet - Crypto Wallet & DApp Browser;"Multi wallet BTC, ETH, EOS, ADA, TRON, ERC20, BEP-2, 2000 coins, tokens &amp; DApps"
com.bitpay.checkout;BitPay Checkout;Accept Bitcoin and Bitcoin Cash payments anytime, anywhere.
com.mercuryo.app;Mercuryo Bitcoin Cryptowallet;Use your bank card to buy bitcoin in few a clicks with Mercuryo bitcoin wallet
com.ripio.android;Ripio Bitcoin Wallet: the new digital economy;Ripio is a blockchain wallet to buy Bitcoin and Ethereum in local currency.
ilcbtc.wallet;ILC / BTC Wallet;Multi-address app with graphs and more features for ILCOIN and Bitcoin
mn.godeal.gopay;GoPay Bitcoin HD Wallet;”®–Ω–¥”©—Ä –Ω—É—É—Ü–ª–∞–ª, —Ö–∞–º–≥–∞–∞–ª–∞–ª—Ç –±“Ø—Ö–∏–π GoPay Bitcoin –º–æ–±–∞–π–ª —Ö—ç—Ç—ç–≤—á
com.gloath.portalsapp;Portals : Crypto Wallet Generator - Bitcoin;Best wallet generator. Generate bitcoin, ethereum, unlimited cryptocurrency keys
com.blockchain.explorer;Blockchain Dashboard;Blockchain Explorer - Search the Blockchain | BTC | ETH | BCH
cash.simply.wallet;Simply Cash ‚Äì Bitcoin SV Wallet;Simply send and receive BSV
com.cryonik.webview;CRYONIK - Your Bitcoin Wallet;Your new Bitcoin Wallet
com.cointiply.earn.bitcoin;Cointiply - Earn Free Bitcoin;"Earn Free Bitcoin on Cointiply - Chat, Surveys, Promos, PTC Ads &amp; More!"
com.silenca.amlsafe;AML Safe Wallet ‚Äî Buy & Sell Bitcoin with AML;"The world first non-custodial wallet with AML module. Buy &amp; Sell BTC, ETH, USDT"
org.qbita.bitcoin_wallet;QBita - Monedero Bitcoin;The simplest Bitcoin Wallet in the world. Ideal to start with Bitcoin
com.maxxwallet;Bitcoin Wallet - MaxWallet;Send and receive any amount of bitcoin, anywhere in the world, instantly.
com.hconline.iso;Start Wallet(EOS, BTC, ETH, TRON...);A mobile multi-chain¬†wallet supports like EOS, BTC, ETH, TRON, BSC,HECO, etc
com.choosebitcash.bitcashmobilewallet;BitCash wallet;With this mobile wallet you can store, receive and send BitCash coins.
jp.coincheck.android;Bitcoin Wallet Coincheck;"‚ñ† Free Bitcoin Wallet
Start only 1 min by email or facebook!"
btcmine.btcwallet;BTC Wallet;BTC Wallet win free BTC.
jb.tech.bitpiewallet;Bitcan Bitcoin Wallet - USDT ETH BCH TRON;Bitcan is a multi-chain wallet to providing users with secure asset management.
com.Android.Inc.bitwallet;BitWallet - Buy & Sell Bitcoin;BitWallet users can now buy and sell Bitcoin instantly from the application.
com.zipwallet.app;Zipwallet : Earn, Buy, Sell Bitcoin &Crypto Wallet;Send , Swap money or buy bitcoin with Paypal, Skrill, Bank and Mobile Payments
io.wallet;wallet.io‚ÄîMulti-Chain (BTC, ETH, EOS, Cosmos ...);Open sourced, multiple authenticated, easy to use onchain wallet.
com.valcourgames.walletwatch.android;BTC Wallet Watch;Cryptocurrency address viewer
de.schildbach.wallet_test;Testnet Wallet;Testnet coins, in your own pocket!
com.yes.yeswallet;Yes Wallet;Yes Wallet - A multi cryptocurrency wallet.
ru.valle.btc;Bitcoin Paper Wallet;Totally offline and secure bitcoin paper wallet
de.langerhans.wallet;Dogecoin Wallet;Your own Dogecoins, in your own pocket!
com.lingxi.bexplus;Bitcoin Wallet for Margin Trading - Bexplus App;Futures Trading Interest Wallet for Beginners and adept users with 100x Leverage
app.zeusln.zeus;Zeus: Bitcoin/Lightning Wallet;A mobile Bitcoin/Lightning app for lnd and c-lightning node operators ‚ö°Ô∏è
jb.tech.bitcoinworld;Coinpay Wallet - Buy Bitcoin, Eth, Usdt, & Crypto;CoinPay Wallet is a platform for bitcoin and 16 other cryptocurrencies.
it.inbitcoin.altana;Altana - Bitcoin Wallet;Altana is inbitcoin‚Äôs wallet that enables you to manage safely your bitcoin.
com.bokucoin.app;Bokucoin - Buy, Sell & Store Bitcoin;"Buy, Store &amp; Sell crypto"
gbbit.app.wallet;GBBIT Bitcoin Wallet India;"Bitcoin Wallet &amp; Exchanger. Instant Advance Secure."
conversor.conversaotaxasbasico.btcugx;Bitcoin x Uganda Shilling;Currency converter (Bitcoin x Uganda Shilling) allowing rate edition.
com.risewallet.riseapp;Rise Wallet;Bitcoin wallet optimized for new bitcoin users.
com.developerdesing.bitcoin;Curso de Bitcoin, Ethereum y Criptomonedas;Learn what Bitcoin is and what types of cryptocurrencies exist.
com.balletcrypto;Ballet Crypto;Making Crypto Easy.
io.freewallet.mobile;FreeWallet;FreeWallet is an open-source mobile wallet supporting Bitcoin and Counterparty
com.bitso.wallet;Bitso - Buy and sell bitcoin;Buy and sell bitcoin and other cryptocurrencies fast and easily
com.masterbitexpress.wallet;MasterBitExpress Bitcoin Wallet;MasterBitExpress Bitcoin Wallet is application for sending/receiving Bitcoins.
org.guapcoin.multiwallet;Official Guap Coin & Bitcoin Wallet;More robust Guap Coin wallet that include's a Bitcoin wallet.
za.co.rockwallet;Rock Wallet - Buy, Send & Receive Bitcoin;Rock Wallet is the easiest place to buy Bitcoin from anywhere in the world.
org.coinid.wallet.tbtc;Bitcoin Testnet Wallet for COINiD;A Wallet Done Right
ademar.bitac;BitAC - Bitcoin Address Checker;An easy and quick way to check the balance of bitcoin addresses.
com.chandashi.buckwallet;BuckWallet - Crypto Wallet,Buy And Sell Bitcoin;Crypto Wallet,Bitcoin  Wallet,buy and sell exchange,cryptocurrency,blockchain
io.github.jangerhard.BitcoinWalletTracker;Wallet Watcher - Bitcoin QR Scanner;Easily keep tabs on all your bitcoin addresses' total balance and their value
com.lobstr.client;LOBSTR Stellar Lumens Wallet. Buy XLM Trade Crypto;"LOBSTR - simple &amp; secure Stellar wallet. Buy XLM with credit card, trade crypto."
com.allcoinwallet.allcoinwallet;All Coin Wallet;Purchase and sale of crypto easily on All Coin Wallet App
com.moonlet;Moonlet;Moonlet, a portal to the decentralised world
com.umi.umiwallet;UMI Wallet;The official application of the UMI cryptocurrency.
com.bitzhash.wallet.bitcoin;Light Bitcoin Wallet;Bitcoin wallet with full implementation of Simple Payment Verification node
exchange.einstein.mobile.release;Einstein Convert - Safe and Secure Bitcoin Wallet;"Buy Bitcoin &amp; Cryptocurrency with the World&#39;s Safest Mobile Crypto Wallet"
com.alpha.wallet;Alpha Wallet. Bitcoin, Ethereum, Litecoin;Alpha Wallet - first secure multi-purse in the world.
blackdollar.bdlr.token.coin;Black Dollar Crypto Wallet for BDLR, USDT & ETH;Black Dollar Crypto Wallet - Manage BDLR, USDT and ETH Coin
com.coincorner.app.crypt;CoinCorner ‚Äì Buy & sell bitcoin. Crypto Wallet;CoinCorner: the simple, safe way to buy and sell cryptocurrency.
app.codecellar.embitwallet;Embit Wallet - Bitcoin testnet wallet and messages;The first mobile wallet to send secure messages with bitcoin protocol
augstrain.asn;Augstrain Crypto Wallet : Buy & Sell Crypto Assets;Augstrain Crypto Wallet is a platform that offer buy and sell crypto currencies.
com.application.nodawallet;NodaWallet;NodaWallet is a universal cryptocurrency storage application..
com.paperwallet.top;Paper Wallet Generator for Bitcoin & Altcoins;"Secure Offline Paper Wallet Generator for Bitcoin &amp; Altcoins. No ADS!"
com.simple.crypto.wallet;Simple Crypto Wallet;"The best FREE crypto app to track Bitcoin &amp; cryptocurrency."
com.xufagroup.cryptowallet;Crypto Wallet: Store and Trade Coins;The most popular secure digital wallet
com.altcoin.wallet;Altcoin Wallet. Your coins protected;Secure storage of your funds in the Cryptocurrency
com.lynengine.beautycryptowallet;Beauty Crypto Wallet - Make QR Code Crypto Wallet;This app for create a QR Code Wallet with digital currency logo in the center.
com.lightning.wallet;Bitcoin Lightning Wallet TESTNET;Native segwit BTC wallet with Lightning Network support
com.bitlumens.wallet;BitLumens Ethereum Wallet;BitLumens Wallet is a secure mobile Ethereum wallet that supports ERC20 Token.
com.signkeys.wallet.portfolio;SignKeys PRO - Portfolio, Bitcoin & Crypto Wallet;Best All in #1 <b>As featured in Forbes</b>
best_courses.ripple_guide;Guide for Ripple Wallet - XRP Coin Crypto Mining;"Learn XRP coin crypto mining and Ripple tracker | Invest in crypto &amp; Make money"
com.app.mystarwallet;MyStarWallet- Ethereum & Btc & Erc-20 Mutil Wallet;feature-rich digital wallet to securely manage
com.ukex.bizza;UKEX Pay;The world in your wallet.
com.bitzapp;BITZAPP BITCOIN WALLET - BUY / TRADE BITCOINS;Bitzapp is a secure crypto exchange app which can buy and trade bitcoins.
com.workchain.io;WorkChain.io Ethereum & ERC20 Payroll Wallet;"ETH &amp; ERC20 Wallet with Real-Time, Crypto Paychecks"
global.bithumb.android;Bithumb Global-Bitcoin, crypto exchange  & wallet;Bithumb Global:the easiest, safest way to trade bitcoin(BTC) and other crypto.
best.cryptowalletroqqu;Roqqu CryptoCurrency Wallet;"Legal - Roqqu: Buy, Sell &amp; Accept Bitcoin, Ethereum, EOS and ... roqqu.com ‚Ä∫"
org.qwallet;Q-Wallet | Wallet For Ethereum & ERC Tokens;Q-Wallet | A Wallet for Everyday
com.blockwala.bitguard;BitGuard Blockchain Wallet;BitGuard is the cryptocurrency soft wallet for your tokens.
com.bankex.scan;Blockchain explorer for Ethereum : BANKEX Scan;BANKEX Scan: ETH and ERC‚Äå20 tokens blockchain explorer. Scan ethereum now
com.moonbag.wallet;MoonBag Wallet - BTC, ETH, XRP, USDT, BNB;"MoonBag - Cryptocurrency Wallet for Bitcoin, Ethereum, Ripple, Tether &amp; Others."
