netloc,count
firebaseinstallations.googleapis.com,159
firebase-settings.crashlytics.com,86
appclick.rqmob.com,85
adcs.rqmob.com,83
firebaseremoteconfig.googleapis.com,60
www.google.com,52
graph.facebook.com,52
dt.beyla.site,49
fonts.googleapis.com,45
www.google-analytics.com,44
www.pullcm.com,41
www.googletagmanager.com,36
conversions.appsflyer.com,35
fonts.gstatic.com,33
inbox.google.com,32
www.gstatic.com,29
mail.google.com,28
googleads.g.doubleclick.net,25
stats.g.doubleclick.net,23
accounts.google.com,22
update.googleapis.com,21
api.coingecko.com,19
inapps.appsflyer.com,19
connect.facebook.net,18
clients4.google.com,18
cdnjs.cloudflare.com,18
optimizationguide-pa.googleapis.com,18
www.google.com.au,18
beacons.gcp.gvt2.com,17
min-api.cryptocompare.com,17
www.facebook.com,17
clientservices.googleapis.com,16
gcdsdk.appsflyer.com,16
content-autofill.googleapis.com,15
freewallet.org,15
m.freewallet.org,14
launches.appsflyer.com,14
ajax.googleapis.com,14
www.pullcf.com,13
safebrowsing.google.com,13
cdn.branch.io,13
in.appcenter.ms,12
play.google.com,12
api.amplitude.com,12
connectivitycheck.gstatic.com,12
mainnet.infura.io,11
api.mixpanel.com,11
codepush.appcenter.ms,11
api2.branch.io,11
peoplestack-pa.googleapis.com,11
sessions.bugsnag.com,10
decide.mixpanel.com,10
app.adjust.com,10
use.fontawesome.com,10
rosenberg.appmetrica.yandex.net,10
cdn-settings.segment.com,9
storage.googleapis.com,9
adservice.google.com,9
api.segment.io,9
onesignal.com,9
cdn.jsdelivr.net,9
servicesupport.hicloud.com,9
crashlyticsreports-pa.googleapis.com,8
mail-attachment.googleusercontent.com,8
api.etherscan.io,8
bitpay.com,8
pro.ip-api.com,7
nexus-websocket-a.intercom.io,7
sqz.andromo.com,7
api.accuweather.com,7
allezoni.com,7
static.hotjar.com,7
heavyways.com,7
www.googleadservices.com,7
codepushupdates.azureedge.net,7
t.appsflyer.com,7
api.onesignal.com,7
track.ninogoo.com,7
sentry.io,6
raw.githubusercontent.com,6
firebaseinappmessaging.googleapis.com,5
api.coinbase.com,5
p.adsymptotic.com,5
api.geetest.com,5
estimatefee.coinid.org,5
static.cloudflareinsights.com,5
d.adroll.com,5
www.news.com.au,5
vars.hotjar.com,5
script.hotjar.com,5
api.appsflyer.com,5
tsis.jpush.cn,5
api.share.mob.com,5
gd-stats.jpush.cn,5
ali-stats.jpush.cn,5
sb-ssl.google.com,5
www.googleapis.com,5
www.youtube.com,4
api.trongrid.io,4
exp.host,4
expo.io,4
netdna.bootstrapcdn.com,4
auth.airbitz.co,4
us-u.openx.net,4
s2.coinmarketcap.com,4
config-msdk.freshchat.com,4
msdk.freshchat.com,4
www.recaptcha.net,4
unpkg.com,4
firebaselogging-pa.googleapis.com,4
d.adroll.mgr.consensu.org,4
apilist.tronscan.org,4
s.adroll.com,4
report.appmetrica.yandex.net,4
www.linkedin.com,4
code.jquery.com,4
px.ads.linkedin.com,4
ajax.cloudflare.com,4
dlsdk.appsflyer.com,4
api-rinkeby.etherscan.io,4
bws.bitpay.com,4
bjuser.jpush.cn,4
api.coincap.io,4
cm.g.doubleclick.net,4
ci6.googleusercontent.com,4
cdn.amplitude.com,4
d1wp6m56sqw74a.cloudfront.net,4
s3.amazonaws.com,4
android.bugly.qq.com,4
static.doubleclick.net,4
ulogs.umeng.com,3
rt.applovin.com,3
cdn.mxpnl.com,3
dex.binance.org,3
cdn.segment.com,3
devs.data.mob.com,3
config.ad-brix.com,3
config.jpush.cn,3
q.quora.com,3
sensors.binance.cloud,3
use.typekit.net,3
notifications-pa.googleapis.com,3
rinkeby.infura.io,3
sdk.guard.mob.com,3
scontent.fsyd4-1.fna.fbcdn.net,3
ci3.googleusercontent.com,3
cvr.ad-brix.com,3
beacons2.gvt2.com,3
cdn.ampproject.org,3
coindeal.com,3
pagead2.googlesyndication.com,3
tags.rd.linksynergy.com,3
p.typekit.net,3
pippio.com,3
static.zdassets.com,3
pixel.tapad.com,3
blockchain.info,3
d.applovin.com,3
static.geetest.com,3
blockscout.com,3
assets-wl.pumapay.io,3
applog.uc.cn,3
btcs.altcoinwarz.com,3
edgedl.me.gvt1.com,3
campaign.ad-brix.com,3
codepush.azurewebsites.net,3
snap.licdn.com,3
ci4.googleusercontent.com,3
tracking.ad-brix.com,3
lh3.googleusercontent.com,3
idsync.rlcdn.com,3
adservice.google.com.au,3
api.breadwallet.com,3
api-js.mixpanel.com,3
i.ytimg.com,3
yt3.ggpht.com,3
api.fc.mob.com,3
maxcdn.bootstrapcdn.com,3
ib.adnxs.com,3
stats.wp.com,2
bin.bnbstatic.com,2
ce3e75d5.jpush.cn,2
recaptcha.google.com,2
pdn.applovin.com,2
beacons5.gvt3.com,2
stats.pusher.com,2
pbs.twimg.com,2
beacons3.gvt2.com,2
api.compound.finance,2
beacons.gvt2.com,2
api.coinpaprika.com,2
d3e54v103j8qbb.cloudfront.net,2
platform-api.sharethis.com,2
api-cn.etherscan.com,2
api.coindesk.com,2
img.applovin.com,2
at.alicdn.com,2
www.googleoptimize.com,2
analytics.google.com,2
analytics.twitter.com,2
sc-static.net,2
widget-mediator.zopim.com,2
widget.intercom.io,2
widget.trustpilot.com,2
pancakeswap.finance,2
t.co,2
backendphp.coindeal.com,2
scontent.fsyd3-1.fna.fbcdn.net,2
partner.googleadservices.com,2
bcp.crwdcntrl.net,2
ws-eu.pusher.com,2
bitcoinfees.earn.com,2
events.gonative.io,2
www.coinomi.com,2
stackpath.bootstrapcdn.com,2
ekr.zdassets.com,2
ssl.gstatic.com,2
buttons-config.sharethis.com,2
cdn.datatables.net,2
api.blockchain.info,2
www.coinbase.com,2
ipapi.co,2
ipinfo.io,2
c.sharethis.mgr.consensu.org,2
c0.wp.com,2
dts.startappservice.com,2
mc.yandex.ru,2
api.binance.com,2
dpm.demdex.net,2
maps.googleapis.com,2
encrypted-tbn0.gstatic.com,2
ticker.coinomi.net,2
quotations.coindeal.com,2
events.appsflyer.com,2
europe1.coindeal.com,2
ethgasstation.info,2
cdn.taboola.com,2
api.changelly.com,2
info.startappservice.com,2
pixel.wp.com,2
www.coinspot.com.au,2
infoevent.startappservice.com,2
api.bscscan.com,2
api.branch.io,2
browser.sentry-cdn.com,2
static.ads-twitter.com,2
play.googleapis.com,2
plbslog.umeng.com,2
images.startappservice.com,2
ci5.googleusercontent.com,2
firebase.googleapis.com,2
license.gonative.io,2
apis.google.com,2
a.quora.com,2
x.bidswitch.net,2
api3.siftscience.com,2
http-mainnet.hecochain.com,2
assets.coingecko.com,2
horizon.stellar.org,2
currencyconverter.coindeal.com,2
req.startappservice.com,2
api.wazirx.com,2
a.applovin.com,2
res1.applovin.com,2
m.mpl.dutils.com,2
hexagon-analytics.com,2
trc.taboola.com,2
api.telegram.org,2
git3.airbitz.co,2
config.e-droid.net,2
configuration.coinomi.net,2
util2.edge.app,2
notif1.edge.app,2
api.opensea.io,2
vc.hotjar.io,2
control.kochava.com,2
vps.strayacoin.icu,2
verify.uxcam.com,2
versionservice.now.sh,2
versionservice.vercel.app,2
www.paypalobjects.com,2
api2.amplitude.com,2
www.binance.com,2
ads.yahoo.com,2
tpc.googlesyndication.com,2
l.sharethis.com,2
firestore.googleapis.com,2
adsmetadata.startappservice.com,2
tr.snapchat.com,2
ms.applovin.com,2
wallet.schildbach.de,2
api.ipstack.com,2
assets-global.website-files.com,2
trackdownload.startappservice.com,2
referral1.edge.app,2
kvinit-prod.api.kochava.com,2
assets.applovin.com,2
www.googletagservices.com,2
api.fd.mob.com,2
trc-events.taboola.com,2
rest.smartcric.stream,1
map.go.affec.tv,1
rockwallet.co.za,1
rinkeby.etherscan.io,1
qmswbelp-android.mobile-messenger.intercom.com,1
publisher.tokenlon.im,1
mainnet-auth.token.im,1
publisher-event.unityads.unity3d.com,1
qbita.org,1
match.adsrvr.org,1
m.facebook.com,1
max-api.maicoin.com,1
matrix.papers.tech,1
m.api.forter.com,1
q5r9mwm862.execute-api.us-east-1.amazonaws.com,1
recaptcha.net,1
m.bitpapa.com,1
quote.bityard.pro,1
m.bcoiner.com,1
mathwallet.org,1
max-stream.maicoin.com,1
ref.medooza.network,1
redirector.gvt1.com,1
m.coindcx.com,1
remitano.com,1
register.appsflyer.com,1
rails.go-wallet.io,1
remote-data.hmsairship.com,1
realtime.aaxpro.com,1
rec.smartlook.com,1
remote-data.urbanairship.com,1
mainnet-etherscan.wallet.coinbase.com,1
m.youtube.com,1
m.stripe.network,1
m.stripe.com,1
m.poloniex.org,1
realtime.aax.com,1
mac8.cfc.io,1
rc.rlcdn.com,1
mainnet-infura.wallet.coinbase.com,1
r2---sn-ntqe6n7k.googlevideo.com,1
mainnet-bizapi.token.im,1
mainnet-ripple.wallet.coinbase.com,1
r2---sn-npoe7n76.googlevideo.com,1
r2---sn-55goxu-ntqe.googlevideo.com,1
mainnet-eth.token.im,1
manager.eu.smartlook.cloud,1
manager.smartlook.com,1
manychat.com,1
res.cloudinary.com,1
mainnet-dexapi.token.im,1
resources.infinitowallet.io,1
rest.iad-03.braze.com,1
mainnet-ethapi.token.im,1
r1---sn-55goxu-ntqe.gvt1.com,1
magnumwallet.co,1
nextyezpay.s3-ap-southeast-1.amazonaws.com,1
publisher-config.unityads.unity3d.com,1
multisig.swaponline.site,1
mtm-api.mobimecdn.com,1
o436621.ingest.sentry.io,1
o517263.ingest.sentry.io,1
o529943.ingest.sentry.io,1
msg.umengcloud.com,1
o530556.ingest.sentry.io,1
offlinepages-pa.googleapis.com,1
ogs.google.com,1
okchain.mytokenpocket.vip,1
omni.guarda.co,1
mpush-api.aliyun.com,1
omnisnippet1.com,1
monorail-edge.shopifysvc.com,1
omnisrc.com,1
mobile.useinsider.com,1
op-api.mobimecdn.com,1
mobile.luneswallet.app,1
mobile.kriptomat.io,1
oracle8.org,1
ota.lokalise.co,1
outcome-ssp.supersonicads.com,1
o429172.ingest.sentry.io,1
o426583.ingest.sentry.io,1
maxkeller.io,1
munchkin.marketo.net,1
node0.smartholdem.io,1
node1.elaphant.app,1
node1.zbeos.com,1
news.google.com,1
news.bitcoin.com,1
newassets.hcaptcha.com,1
networksdk.ssacdn.com,1
noxon.wpmix.net,1
o106920.ingest.sentry.io,1
network.vidulum.app,1
neoblockexplorer.org,1
o117179.ingest.sentry.io,1
o179365.ingest.sentry.io,1
neko.api.wallet.bitcoin.com,1
o206167.ingest.sentry.io,1
o216340.ingest.sentry.io,1
o306080.ingest.sentry.io,1
mycelium-wallet.s3.us-east-1.amazonaws.com,1
o382423.ingest.sentry.io,1
mycelium-wallet.s3.amazonaws.com,1
mybtcnigeria.com,1
p-fastdfs.jpush.cn,1
mobile-collector.eu01.nr-data.net,1
p.sardine.ai,1
p18.zdassets.com,1
node.skycoin.net,1
platform-cdn.sharethis.com,1
platform.nexo.io,1
md.goodcrypto.app,1
poloniex.org,1
polyfill.io,1
pool.viabtc.com,1
portal-api.coinmarketcap.com,1
portal-api.quixxi.com,1
preserver.mytokenpocket.vip,1
prices.xapawallet.com,1
md-a-d.apptimize.com,1
mccdn.me,1
pricingdata.jaxx.io,1
primexbt.com,1
prism.app-us1.com,1
prod-ms.applovin.com,1
prod.roseon.finance:8899,1
production.api.coindesk.com,1
ps.eyeota.net,1
public.ninjanode.net,1
mdn01.lokalise.co,1
media.mycelium.com,1
media.wazirx.com,1
pd.sharethis.com,1
ml314.com,1
panda.zimpler.net,1
miro.medium.com,1
metrics.jaxx.io,1
paxful.com,1
pay.google.com,1
paymint-tos.webflow.io,1
merkley.herokuapp.com,1
paytomat-prod.herokuapp.com,1
merchant-datacenter.raidofinance.eu:8096,1
pixel.sitescout.com,1
merchant-datacenter.raidofinance.eu,1
ping.chartbeat.net,1
member.infinito.io,1
pixel.advertising.com,1
pixel.onaudience.com,1
pixel.pointmediatracker.com,1
medooza.io,1
pixel.quantserve.com,1
pixel.rubiconproject.com,1
050-lkc-745.mktoresp.com,1
smartcric.com,1
ropsten.infura.io,1
widget.manychat.com,1
wallet-api.pantograph.app,1
wallet.api.enjinx.io,1
wallet.bcoiner.com,1
wallet.bitbar.co,1
wallet.bitcoinfast.co,1
wallet.bitcoinscrypt.io,1
wallet.bitplicity.com,1
wallet.btc.com,1
wallet.coinorbis.com,1
wallet.crypto.com,1
wallet.cryptopuce.com,1
wallet.dcentwallet.com,1
wallet.ecoinofficial.org,1
wallet.ellipal.com,1
wallet.fluttercoin.me,1
wallet.hamrasta.com,1
wallet.litecoinplus.co,1
wallet.medooza.network,1
wallet.vidulum.app,1
walletapi.counos.org,1
walletconnect.dcentwallet.com,1
wapi.neobitcoin.online,1
waves.guarda.co,1
web-writer.eu.smartlook.cloud,1
web.yellowcard.io,1
web3.mytokenpocket.vip,1
webflow.com,1
webflow.refersion.com,1
webview.unityads.unity3d.com,1
wallet-api.ezdefi.com,1
wallet-api.btc.com,1
vk.com,1
uploads-ssl.webflow.com,1
transfer.swft.pro,1
tron-mainnet.token.im,1
tron-mainnet.tokenlon.im,1
tron274.zendesk.com,1
tronmine.net,1
trontrade.io,1
try.wastake.com,1
tw.rter.info,1
tx.airgap.prod.gke.papers.tech,1
uat.coinbaazar.com,1
uc8f16daf8f830ce02a8cb9bd2b1.dl.dropboxusercontent.com,1
up.pixel.ad,1
upload.wikimedia.org,1
ups.analytics.yahoo.com,1
visionwallet.com,1
url.mobimecdn.com,1
usdmex.s3-ap-northeast-1.amazonaws.com,1
usdx.cash,1
user-notifications.coindeal.com,1
util1.edge.app,1
v.ssacdn.com,1
v2.api.trongrid.io,1
validate.ankerid.com,1
verify.sendwyre.com,1
verify.testwyre.com,1
version.jaxx.io,1
video.your-notice.com,1
vip.bitcoin.co.id,1
wether.lythanh.xyz,1
wkdcm1.tingyun.com,1
tracking.prd.mz.internal.unity3d.com,1
wkrd.tingyun.com,1
www.entitytag.co.uk,1
www.ethereumv2wallet.com,1
www.etroquer.com,1
www.exaking.com,1
www.flaticon.com,1
www.freeprivacypolicy.com,1
www.gasnow.org,1
www.gbbit.com,1
www.goldandsilvertax.com,1
www.hiwallet.org,1
www.jtechtrade.com,1
www.jtechtrade.com:1818,1
www.jtechtrade.xyz,1
www.lcpexchange.com,1
www.paypal.com,1
www.redditstatic.com,1
www.sendwyre.com,1
www.tokswap.net,1
www.viabtc.com,1
www.youhodler.com,1
wzrkt.com,1
x.wazirx.com,1
xmy-blockbook1.coinid.org,1
xmy-blockbook2.coinid.org,1
xmy-blockbook3.coinid.org,1
xrp.io,1
ymetrica1.com,1
ynuf.aliapp.org,1
z.moatads.com,1
www.elastosdma.org,1
www.dropbox.com,1
www.countryflags.io,1
wschat.bitbns.com,1
ws-api.exmoney.com,1
ws-gate.xcoex.com,1
ws-mt1.pusher.com,1
ws.batch.com,1
ws.bexplus.com,1
ws.burency.com,1
ws.coinbase.com,1
ws.eo.finance,1
ws.evercoin.com,1
ws.freewallet.org,1
ws.infinitowallet.io,1
ws.pusherapp.com,1
ws.simply.cash:3000,1
wss.prizmbit.com,1
www.coinhako.com,1
wt.soundestlink.com,1
ww25.coinpot.co,1
www-forbes-com.cdn.ampproject.org,1
www.abc.net.au,1
www.affiliatly.com,1
www.augstrain.com,1
www.bitgo.com,1
www.bitlox.com,1
www.buda.com,1
www.clickcease.com,1
www.coinbaazar.com,1
www.coincloudatm.com,1
www.coindesk.com,1
tradeogre.com,1
tracking.backend-capital.com,1
roseon-dev.oss-ap-southeast-1.aliyuncs.com,1
sso.btcturk.com,1
sencoinex.com,1
sendwyre.com,1
sensors-sfn.phemex.cloud,1
sensors.phemex.cloud,1
sentry.mtpelerin.com,1
sentry.srcek.com,1
sentry.tp.latoken.com,1
sentry.wpmix.net,1
sessions.coinbase.com,1
shareit-push-cdn.wshareit.com,1
sibautomation.com,1
sign.bithyve.com,1
simage2.pubmatic.com,1
simply.cash,1
sixpencer.com,1
logs.ironsrc.mobi,1
smartholder.xbts.io,1
snippet.growsumo.com,1
socket.remitano.com,1
socket.stex.com,1
sockjs-eu.pusher.com,1
spacestation.coinbox.org,1
spay.samsung.com,1
specials--images-forbesimg-com.cdn.ampproject.org,1
spectrocoin.com,1
splitter.kalyna.tech,1
spoqa.github.io,1
spot.api.spotapp.tech,1
srv19.e-droid.net,1
secure.vidulum.app,1
secure.statcounter.com,1
secure.quantserve.com,1
s0.2mdn.net,1
rpc-mainnet.matic.network,1
rpc-mainnet.maticvigil.com,1
rpc.ezdefi.com,1
rpc.tomochain.com,1
rpc.xdaichain.com,1
rs.fullstory.com,1
rules.quantcount.com,1
rum-collector-2.pingdom.net,1
rum-static.pingdom.net,1
rv-gateway.supersonicads.com,1
s-west.ripple.com,1
s.pinimg.com,1
s.w.org,1
s1.ripple.com,1
secure.gravatar.com,1
s3-ap-northeast-1.amazonaws.com,1
s3-us-west-2.amazonaws.com,1
s3.ap-northeast-2.amazonaws.com,1
s3.coinmarketcap.com,1
s3.remitano.com,1
s3.us-west-2.amazonaws.com,1
sbbe.paxful.mobi,1
scontent.fcbr1-1.fna.fbcdn.net,1
sdk-01.moengage.com,1
sdk-api-v1.singular.net,1
sdk.fra-01.braze.eu,1
sdk.iad-05.braze.com,1
secure.adnxs.com,1
ssl.captcha.qq.com,1
sso.hamrasta.com,1
track.hubspot.com,1
st2.latoken.com,1
swap.airgap.prod.gke.papers.tech,1
sync.outbrain.com,1
sync.sharethis.com,1
sync.taboola.com,1
sync.teads.tv,1
t.captcha.qq.com,1
t.sharethis.com,1
tags.bkrtx.com,1
tags.bluekai.com,1
tags.tiqcdn.com,1
tealium-proxy.xcoex.com,1
telos.cryptolions.io,1
telos.greymass.com,1
testnet-blockbook1.coinid.org,1
testnet-blockbook2.coinid.org,1
testnet-blockbook3.coinid.org,1
thehelmsdeep.nakitcoins.com,1
theme.zdassets.com,1
thumbor-forbes-com.cdn.ampproject.org,1
tokbridge.net,1
token-security.token.im,1
token.api.kochava.com,1
tokeninsight.com,1
tokens.1inch.exchange,1
tokswap.net,1
topapplication.s3.amazonaws.com,1
tp-statics.tokenpocket.pro,1
tp-upload.cdn.bcebos.com,1
tr.outbrain.com,1
streamback.ff.avast.com,1
stream.coinmarketcap.com,1
stream.coindcx.com,1
static.getclicky.com,1
stage-ms.applovin.com,1
stags.bluekai.com,1
stargate.cosmos.network,1
starteos-app.oss-cn-shenzhen.aliyuncs.com,1
starteos.io,1
startup.mobile.yandex.net,1
stat.dftstat.com,1
static-file-1259603563.file.myqcloud.com,1
static.coindeal.com,1
static.coindesk.com,1
static.dsdaq.com,1
static.eidoo.io,1
static.expertoption.com,1
static.hcdncn.com,1
stream.binance.com:9443,1
static.intercomassets.com,1
static.magnumwallet.co,1
static.mobiapp.cn,1
static.nexo.io,1
static.paxful.com,1
static.phemex.com,1
static.rqmob.com,1
static.ssacdn.com,1
static.viabtc.com,1
static1.squarespace.com,1
static2.digifinex.io,1
stex.com,1
store.blockstream.com,1
luno.api.kustomerapp.com,1
hodlhodl-exchange.s3.amazonaws.com,1
login.wikimedia.org,1
assets-proxy.smartlook.cloud,1
app.launchdarkly.com,1
app.layouthub.com,1
app.mgnm.rocks,1
app.plasmapay.com,1
app.satismeter.com,1
app.studentcoin.org,1
app.xcoex.com,1
app.youhodler.com,1
appbackend.ptpwallet.com,1
appk.me,1
apps-admin.kinesis.money,1
article-inigma.netlify.app,1
asbazar.com,1
asia-northeast1-computer-repair-1556697582892.cloudfunctions.net,1
assets.auth.magic.link,1
app.burency.com,1
assets.bitazza.com,1
assets.coinburp.com,1
assets.coincap.io,1
assets.fortmatic.com,1
assets.maicoin.com,1
assets.onfido.com,1
assets.website-files.com,1
atccoin.com,1
attr.appsflyer.com,1
auction.unityads.unity3d.com,1
auiopt.unityads.unity3d.com,1
auth.blockfi.com,1
auth.coindeal.com,1
auth.magic.link,1
app.coindirect.com,1
app.bokucoin.com,1
avatars.githubusercontent.com,1
api.tronscan.org,1
api.rqmob.com,1
api.sardine.ai,1
api.sencoinex.com,1
api.six.th,1
api.sixpencer.com,1
api.spatium.net:8443,1
api.stage.bitbucks.io,1
api.starteos.io,1
api.stasis.net,1
api.stockdio.com,1
api.supremecrypx.com,1
api.swap.tronwallet.me,1
api.telos.eostribe.io,1
api.tokenlon.im,1
api.tronspace.org,1
app.bityard.pro,1
api.trustwallet.com,1
api.vinex.network,1
api.wallet.coinbase.com,1
api.xapawallet.com,1
api.xcelpay.io,1
api.zimpler.net,1
api3.stex.com,1
apigateway.coindeal.com,1
apis.coinus.io,1
apiv2.bitcoinaverage.com,1
apiv2.moengage.com,1
apm.phemex.cloud,1
apm.xcoex.com,1
app-nc.global.ssl.fastly.net,1
auth.spectrocoin.com,1
aws-v2-cdn.token.im,1
loc.map.baidu.com,1
btc-blockbook2.coinid.org,1
blockchain.wallet.coinbase.com,1
blockchaincuties.com,1
blockfi-relay.blockfi.com,1
blockfi-s3-static-prod.s3.amazonaws.com,1
blockstream.com,1
bosapi.tokenpocket.pro,1
bp-api-ext-prod.saltlending.com,1
bs.getcai.com,1
bsc-dataseed.binance.org,1
bsc-dataseed1.binance.org,1
bsc-dataseed2.binance.org,1
bsc-dataseed2.defibit.io,1
bsc.mytokenpocket.vip,1
btc-blockbook1.coinid.org,1
btc-blockbook3.coinid.org,1
blockbook-test.groestlcoin.org,1
btc.exan.tech,1
btc.nownodes.io,1
btc1.trezor.io,1
btcapi.net,1
btcitest.bitcoin-india.org,1
bu.getcai.com,1
buxtank.com,1
buy.moonpay.com,1
buy.moonpay.io,1
buycoins.africa,1
buyhatke.com,1
bws.bitlox.com,1
bws.coincloudatm.com,1
c.paypal.com,1
blockbook.groestlcoin.org,1
bitso.com,1
b.stats.paypal.com,1
bid.g.doubleclick.net,1
b7ph2bhdy03k.statuspage.io,1
b9qh8f1bsa.execute-api.eu-west-2.amazonaws.com,1
bafybeieayj76s4vjlw5uwdvnakosy46rqyioqsp2ygl6sedivemhkxrbwi.ipfs.cf-ipfs.com,1
bam-cell.nr-data.net,1
bat.bing.com,1
bc1.bithernet.com,1
bcwcentral.lynengine.com,1
beacon-api.aliyuncs.com,1
beacon.krxd.net,1
beacons4.gvt2.com,1
beacons5.gvt2.com,1
belfrics.io,1
beta.creda.app,1
bf46572nqv.bf.dynatrace.com,1
binance1.shortcm.li,1
bitshieldwallet.com,1
bitbay.net,1
bitbns.com,1
bitcoin-india.org,1
bitcoin.tokenpocket.pro,1
bitcoinblockexplorers.com,1
bitcoiner.live,1
bitcoinscrypt.io,1
bitcointalk.org,1
bitfia.net:8011,1
bitlox.com,1
bitok.me,1
bitpapa.zendesk.com,1
bitpay.zendesk.com,1
bitpie.getcai.com,1
api.rollbar.com,1
api.revenuecat.com,1
api.reproio.com,1
api-ninjapay.ninjanode.net,1
alphawallet.com,1
amdcopen.m.taobao.com,1
amplify.outbrain.com,1
analyze.hcdncn.com,1
android-pro-mobile-bff.btcturk.com,1
android-update.bithumb.pro,1
android.magnumwallet.co,1
anxpro.com,1
api-esc.elaphant.app,1
api-eth.elaphant.app,1
api-finance.midasprotocol.com,1
api-goerli.etherscan.io,1
api-iam.intercom.io,1
api-kovan.etherscan.io,1
api-pay.elegro.eu,1
alog.umeng.com,1
api-price.elaphant.app,1
api-ropsten.etherscan.io,1
api-service.incognito.org,1
api-wallet-did.elastos.org,1
api-wallet-eth.elastos.org,1
api-za.eostribe.io,1
api.aax.com,1
api.aaxpro.com,1
api.alternative.me,1
api.amlsafe.io,1
api.appspector.com,1
api.backend-capital.com,1
api.barechain.com,1
api.bexplus.com,1
alog.umengcloud.com,1
all-forbidden-regions.coindeal.com,1
api.rapidsnetwork.io,1
accounts.hodlhodl.com,1
249-omd-845.mktoresp.com,1
2ad87-4b2f1.api.pushwoosh.com,1
38053-b7737.api.pushwoosh.com,1
3fe9b6b6e1d2447b3585b6c3a10b71c68e25f5713-c8a2f44c4b29.cdn.forter.com,1
58f346f7d6734f21afeaa94381621bcc-68849135edc7.cdn.forter.com,1
68849135edc7.cdn4.forter.com,1
7aad9eb492865184eedc6755d2883462bba8b02f0ab16979f2146fd84d8b7e2.seondnsresolve.com,1
87bf6-00e07.api.pushwoosh.com,1
9729235.fls.doubleclick.net,1
a.lunes.io,1
aaid.umeng.com,1
aax.datasink.sensorsdata.cn,1
academy.aax.com,1
accounts.binance.com,1
accounts.paxful.com,1
algo-2.indexer.coinomi.net:6153,1
accounts.youtube.com,1
acinq.co,1
activation-api.quixxi.com,1
ad.atdmt.com,1
adash.man.aliyuncs.com,1
adconf.rqmob.com,1
ade.googlesyndication.com,1
adimpression.startappservice.com,1
aegis.qq.com,1
afs.googleusercontent.com,1
aip.baidubce.com,1
ajaxhttpheaders.appspot.com,1
alb.reddit.com,1
algo-1.indexer.coinomi.net:6153,1
api.bitbay.net,1
api.bitso.com,1
api.bityard.com,1
api.mibscan.com,1
api.infinitowallet.io,1
api.instabug.com,1
api.ipify.org,1
api.itez.com,1
api.latoken.com,1
api.leanplum.com,1
api.livechatinc.com,1
api.lumiwallet.com,1
api.magic.link,1
api.maiziqianbao.net,1
api.map.baidu.com,1
api.matrixtechfin.com,1
api.melis.io,1
api.mibminer.com,1
api.midasprotocol.com,1
api.blockset.com,1
api.mkt.blockfi.com,1
api.mobimecdn.com,1
api.monedero.com,1
api.monnos.com,1
api.moonpay.io,1
api.mtpelerin.com,1
api.myetherwallet.com,1
api.payplux.com,1
api.payscript.io,1
api.poloniex.org,1
api.primexbt.com,1
api.probit.com,1
api.qcan.com,1
api.quppy.com,1
api.infinito.io,1
api.harmony.one,1
api.go-wallet.io,1
api.github.com,1
api.bos.blockeden.com,1
api.boscore.io,1
api.btcturk.com,1
api.buyucoin.com,1
api.celsius.network,1
api.cent.finance,1
api.clet.io,1
api.coinburp.com,1
api.coindcx.com,1
api.coindirect.com,1
api.coinmarketcap.com,1
api.coinpayapp.com,1
api.coins.asia,1
api.creator.kodular.io,1
api.cryptonator.com,1
api.currconv.com,1
api.digifinex.asia,1
api.digifinex.io,1
api.dowallet.app,1
api.dtrax.io,1
api.dtrax.io:8443,1
api.emberfund.io,1
api.eth.limited,1
api.evraon.com,1
api.exchangeratesapi.io,1
api.exmoney.com,1
api.farhadmarket.com,1
api.fio.eosdetroit.io,1
api.geteldorado.com,1
c.statcounter.com,1
c8a2f44c4b29.cdn4.forter.com,1
captcha.gtimg.com,1
github.githubassets.com,1
freecoin.technology,1
freegeoip.app,1
front.prizmbit.com,1
frontend-m.binance.cloud,1
frontend.coindeal.com,1
fstream.binance.com,1
fynh6mvro0.execute-api.us-east-1.amazonaws.com,1
generic.jaxx.io,1
geteldorado.com,1
gist.githubusercontent.com,1
git1.edge.app,1
git2.airbitz.co,1
git4.edge.app,1
github.com,1
global-api.bithumb.pro,1
forms.soundestlink.com,1
google.com,1
googleads4.g.doubleclick.net,1
graphql.coinbase.com,1
grsm.io,1
guarda.co,1
guarda.com,1
gz.bcebos.com,1
gzox6tef-android.mobile-messenger.intercom.com,1
h.online-metrix.net,1
hcaptcha.com,1
headlines.jaxx.io,1
heapanalytics.com,1
heco.mytokenpocket.vip,1
help.youhodler.com,1
fraud-api.dyneti.com,1
fonts.intercomcdn.com,1
eth1.trezor.io,1
explorer.zel.zelcore.io,1
ethereumv2wallet.com,1
europe-west3-vision-bd49b.cloudfunctions.net,1
events-service.coinbase.com,1
events-writer.smartlook.com,1
events.launchdarkly.com,1
everex.cash,1
evs.mkt.blockfi.com,1
ex.smartholdem.io,1
ex.xbts.io,1
exceptions.coinbase.com,1
exchaintestrpc.okex.org,1
exchange.pancakeswap.finance,1
exchange.tokenlon.im,1
explorer.vidulum.app,1
extrnlapiendpoint.silencatech.com,1
flutterwave.com,1
ezdefi.com,1
f.gm.mob.com,1
f5zzthqk-android.mobile-messenger.intercom.com,1
fapi.binance.com,1
farmar-static.s3.ir-thr-at1.arvanstorage.com,1
fcapi.jpush.cn,1
files.coinmarketcap.com,1
fio-za.eostribe.io,1
fio.eosphere.io,1
fio.genereos.io,1
fio.greymass.com,1
firebasestorage.googleapis.com,1
fletcher.guarda.co,1
fletcher.guarda.com,1
hnd.stats.paypal.com,1
11b4oq2h4b.execute-api.us-east-1.amazonaws.com,1
hodlhodl.com,1
kompass-image.s3.ap-northeast-2.amazonaws.com,1
js.driftt.com,1
js.hs-analytics.net,1
js.hs-banner.com,1
js.hs-scripts.com,1
js.intercomcdn.com,1
js.pusher.com,1
js.stripe.com,1
jstorage-stg.revtel-api.com,1
ka-p.fontawesome.com,1
key.delicited.com:987,1
kit.fontawesome.com,1
klever-app.cdn.prismic.io,1
kms.us-west-2.amazonaws.com,1
ko2pkj4vxd.aaxvip.com,1
kompasswallet.io,1
holacoins.com,1
korablobstorage.blob.core.windows.net,1
kovan.infura.io,1
l.gm.mob.com,1
l7xjv1qw-android.mobile-messenger.intercom.com,1
lbmthtqx-android.mobile-messenger.intercom.com,1
lcapi2.mobimecdn.com,1
leadwallet-core-cliwa3gezq-uc.a.run.app,1
leadwallet-swap.herokuapp.com,1
libs.baidu.com,1
lndhub.herokuapp.com,1
loada.exelator.com,1
loadm.exelator.com,1
loadus.exelator.com,1
lobstr.co,1
js-na1.hs-scripts.com,1
js-cdn.dynatrace.com,1
js-agent.newrelic.com,1
jjgr.adsb4track.com,1
http-mainnet.hoosmartchain.com,1
httpdns.digifinex.tv:7788,1
i-forbesimg-com.cdn.ampproject.org,1
i.coinbox.org,1
iconomi.zendesk.com,1
icons-for-free.com,1
icons.coinomi.net,1
icons.iconarchive.com,1
id.google.com,1
identity.blockfi.com,1
image.moengage.com,1
img.onesignal.com,1
imgs.hcaptcha.com,1
imgs1.e-droid.net,1
imtoken.datasink.sensorsdata.cn,1
in-automate.sendinblue.com,1
in.getclicky.com,1
in.hotjar.com,1
in3-v2.slock.it,1
infinitowallet-dev.firebaseio.com,1
info.exmo.me,1
info.jaxx.io,1
info.tokswap.net,1
info1.edgesecure.co:8444,1
init.supersonicads.com,1
invest.aax.com,1
io.narrative.io,1
jccdex.cn,1
jivo.chat,1
ethblockexplorer.org,1
eth-rpc.ezdefi.com,1
caramba-apps.com,1
cognito-identity.us-west-2.amazonaws.com,1
chart.googleapis.com,1
checkout.flutterwave.com,1
checkout.simplexcc.com,1
cl.qualaroo.com,1
client.crisp.chat,1
client.relay.crisp.chat,1
clients3.google.com,1
cloudapi.imrworldwide.com,1
cms.mobi.me,1
cms.trontrade.io,1
cnv.event.prod.bidr.io,1
code.ionicframework.com,1
code.jivosite.com,1
cognito-identity.ap-southeast-1.amazonaws.com,1
cognito-idp.ap-southeast-1.amazonaws.com,1
chain.api.btc.com,1
cognito-idp.us-west-2.amazonaws.com,1
coin.space,1
coin.top,1
coincap.io,1
coincheck.com,1
coinfaucet.eu,1
coinid.org,1
coinmarketcap.com,1
coinpay-assets.s3-us-west-2.amazonaws.com,1
coinpot.co,1
collectables.dcentwallet.com,1
collector.githubapp.com,1
combine.hmsairship.com,1
compound.wallet.coinbase.com,1
changenow.io,1
ch-country-ip.herokuapp.com,1
eth-mainnet.ws.alchemyapi.io,1
cdn.onesignal.com,1
cardtoken.co.kr,1
cb.totalcoin.io,1
cc9ca9f6b3667f2c34fddf10b775c99f480457a9b91eb9ebb67ca232ae6b023.seondnsresolve.com,1
cdn-creatives-akamaistls-prd.unityads.unity3d.com,1
cdn-go.cn,1
cdn-store-icons-akamai-prd.unityads.unity3d.com,1
cdn.aaxvip.com,1
cdn.auth0.com,1
cdn.bithumb.pro,1
cdn.flycricket.com,1
cdn.liftoff.io,1
cdn.livechatinc.com,1
cdn.materialdesignicons.com,1
cdn.moengage.com,1
cdn.plaid.com,1
cex.io,1
cdn.pushpushgo.com,1
cdn.remitano.com,1
cdn.shopify.com,1
cdn.shortpixel.ai,1
cdn.sift.com,1
cdn.siftscience.com,1
cdn.sixpencer.com,1
cdn.staticfile.org,1
cdn.trontrade.io,1
cdn.weglot.com,1
cdn0.forter.com,1
cdn3.forter.com,1
cdn9.forter.com,1
celsius.network,1
config.jaxx.io,1
config.unityads.unity3d.com,1
connectivitycheck.android.com,1
eb2.3lift.com,1
discover.melis.io,1
discovery-stg.revtel-api.com,1
discovery.dcentwallet.com,1
dntcl.qualaroo.com,1
domain-config-1259603563.file.myqcloud.com,1
domainapp.matrixtechfin.com,1
dotnode.guarda.co,1
downloads.intercomcdn.com,1
dstream.binance.com,1
dsum-sec.casalemedia.com,1
dvqigh9b7wa32.cloudfront.net,1
e.ankerpay.com,1
e1lzm5au-android.intercom-messenger.com,1
e2clock.gcp.gvt2.com,1
edge.fullstory.com,1
cosmos.maiziqianbao.net,1
edge.zixipay.com,1
eidoo-api-1.eidoo.io,1
elanodes.com,1
elaphant.app,1
email-notifications.bitcoinvault.global,1
en.m.wikipedia.org,1
eos.greymass.com,1
eospush.tokenpocket.pro,1
errlog.umeng.com,1
escrpc.elaphant.app,1
etc.wallet.coinbase.com,1
etcblockexplorer.com,1
eth-mainnet.alchemyapi.io,1
eth-mainnet.token.im,1
digiapp.digicean.com,1
diffuser-cdn.app-us1.com,1
dfe.mic.mob.com,1
device-api.hmsairship.com,1
count-server.sharethis.com,1
cp.appzsteep.com,1
crypto.transporterlab.com,1
cryptocurrency-exchange.site,1
cryptologos.cc,1
cryptopay.me,1
cryptowallet.si,1
csi.gstatic.com,1
ct.pinterest.com,1
currencies.apps.grandtrunk.net,1
currency.com,1
cx.atdmt.com,1
d1gpngwlatxq1.cloudfront.net,1
d1lu3pmaz2ilpx.cloudfront.net,1
d1otoma47x30pg.cloudfront.net,1
d2hrivdxn8ekm8.cloudfront.net,1
d2irep64wuv8bo.cloudfront.net,1
d2nqlzgudznji3.cloudfront.net,1
d32exi8v9av3ux.cloudfront.net,1
d330aiyvva2oww.cloudfront.net,1
d34arppld7jv4n.cloudfront.net,1
dapi.binance.com,1
dapps.go-wallet.io,1
dapps.midasprotocol.com,1
dashboard-images.cloud.bitcoin.com,1
dashboard-images.dev.cloud.bitcoin.com,1
data.flurry.com,1
data.satoshipoint.io,1
delphi.polispay.com,1
zelcore.io,1
